config,seed,episode,total_reward,checkpoints
dqn,0,0,40.25100547644029,0.0
dqn,0,1,3.8560206593457895,0.0
dqn,0,2,-6.392350807000227,0.0
dqn,0,3,32.51377872785477,0.0
dqn,0,4,107.94859147051832,0.0
dqn,0,5,35.42364057412304,0.0
dqn,0,6,39.292372223358846,0.0
dqn,0,7,32.451342041673726,0.0
dqn,0,8,30.44284551133942,0.0
dqn,0,9,32.01485653602796,0.0
dqn,0,10,24.12097466343426,0.0
dqn,0,11,19.19593350269558,0.0
dqn,0,12,21.69296910663519,0.0
dqn,0,13,25.79160857714717,0.0
dqn,0,14,32.8341437730383,0.0
dqn,0,15,27.055920167473914,0.0
dqn,0,16,16.67777979192931,0.0
dqn,0,17,20.473330813540564,0.0
dqn,0,18,26.3381495504104,0.0
dqn,0,19,17.75020611776184,0.0
dqn,0,20,20.183710290758405,0.0
dqn,0,21,21.4954473455894,0.0
dqn,0,22,22.80262159522151,0.0
dqn,0,23,20.706123022215152,0.0
dqn,0,24,22.47692441564245,0.0
dqn,0,25,27.93577063945825,0.0
dqn,0,26,19.50050826421269,0.0
dqn,0,27,19.43183666158039,0.0
dqn,0,28,20.874272594854983,0.0
dqn,0,29,24.69148260187977,0.0
dqn,0,30,18.17573186100817,0.0
dqn,0,31,18.0914646102898,0.0
dqn,0,32,29.284789504970405,0.0
dqn,0,33,16.6962797918836,0.0
dqn,0,34,20.8601908011917,0.0
dqn,0,35,19.639978729581795,0.0
dqn,0,36,24.620495891556438,0.0
dqn,0,37,24.988036462247265,0.0
dqn,0,38,22.61158527704401,0.0
dqn,0,39,16.67917979188342,0.0
dqn,0,40,17.988739791884,0.0
dqn,0,41,18.783699756622525,0.0
dqn,0,42,25.853738578880865,0.0
dqn,0,43,23.38529524777166,0.0
dqn,0,44,20.4078702442278,0.0
dqn,0,45,18.34674656553933,0.0
dqn,0,46,17.651626117721023,0.0
dqn,0,47,29.54317167042032,0.0
dqn,0,48,19.941712817261347,0.0
dqn,0,49,17.211072135811236,0.0
dqn,0,50,17.98519277654639,0.0
dqn,0,51,18.174679791883463,0.0
dqn,0,52,17.40714606041925,0.0
dqn,0,53,17.796787569091016,0.0
dqn,0,54,16.67917979188342,0.0
dqn,0,55,18.085986799669413,0.0
dqn,0,56,25.197916265485304,0.0
dqn,0,57,23.715738409598536,0.0
dqn,0,58,16.67917979188342,0.0
dqn,0,59,19.41532314515306,0.0
dqn,0,60,17.655212375498564,0.0
dqn,0,61,22.56909289217401,0.0
dqn,0,62,18.128679791963165,0.0
dqn,0,63,17.42668581651911,0.0
dqn,0,64,18.17767979188345,0.0
dqn,0,65,17.91077979213332,0.0
dqn,0,66,19.9321128172602,0.0
dqn,0,67,21.464377241168545,0.0
dqn,0,68,17.58489177473634,0.0
dqn,0,69,21.09608358912625,0.0
dqn,0,70,18.06933979188306,0.0
dqn,0,71,16.67917979188342,0.0
dqn,0,72,18.07517979188342,0.0
dqn,0,73,18.21273001512037,0.0
dqn,0,74,17.781711198089027,0.0
dqn,0,75,18.061459791883408,0.0
dqn,0,76,18.151631861004745,0.0
dqn,0,77,16.67917979188342,0.0
dqn,0,78,19.68821652477915,0.0
dqn,0,79,17.868287652326543,0.0
dqn,0,80,19.72120385391821,0.0
dqn,0,81,17.911480634202924,0.0
dqn,0,82,16.67917979188342,0.0
dqn,0,83,17.743908176311983,0.0
dqn,0,84,23.91629381738476,0.0
dqn,0,85,20.956456995597573,0.0
dqn,0,86,19.530779181302197,0.0
dqn,0,87,21.88055233752404,0.0
dqn,0,88,19.355284610284784,0.0
dqn,0,89,18.824537616963973,0.0
dqn,0,90,18.776855835785163,0.0
dqn,0,91,19.53024715194621,0.0
dqn,0,92,20.770230053745586,0.0
dqn,0,93,18.395811000625105,0.0
dqn,0,94,19.170880213486445,0.0
dqn,0,95,21.789990452364638,0.0
dqn,0,96,20.48436700092004,0.0
dqn,0,97,16.72711754898146,0.0
dqn,0,98,19.05293722826056,0.0
dqn,0,99,19.55831922410984,0.0
dqn,0,100,20.533899103674933,0.0
dqn,0,101,18.38433422760219,0.0
dqn,0,102,20.41212757819476,0.0
dqn,0,103,17.14831800442574,0.0
dqn,0,104,23.014077994511112,0.0
dqn,0,105,18.616396573031096,0.0
dqn,0,106,21.326722897885112,0.0
dqn,0,107,18.149635406234047,0.0
dqn,0,108,19.696296218168925,0.0
dqn,0,109,20.253169207959616,0.0
dqn,0,110,16.117485695475594,0.0
dqn,0,111,20.32834314732409,0.0
dqn,0,112,19.527716607474854,0.0
dqn,0,113,20.78320959476009,0.0
dqn,0,114,28.2381917008096,0.0
dqn,0,115,17.628277615210934,0.0
dqn,0,116,18.78522037388397,0.0
dqn,0,117,24.764128269890683,0.0
dqn,0,118,30.820092316780546,0.0
dqn,0,119,30.78333634625385,0.0
dqn,1,0,24.17117719964552,0.0
dqn,1,1,40.12063267689922,0.0
dqn,1,2,44.67623909356676,0.0
dqn,1,3,62.54713117506596,0.0
dqn,1,4,2.518102072703021,0.0
dqn,1,5,27.469814273989943,0.0
dqn,1,6,24.853204527373965,0.0
dqn,1,7,65.12906197192117,0.0
dqn,1,8,13.04502319065574,0.0
dqn,1,9,133.55414210838333,1.0
dqn,1,10,91.32912319797714,0.0
dqn,1,11,27.424638565096277,0.0
dqn,1,12,21.637145537789,0.0
dqn,1,13,24.06715382189884,0.0
dqn,1,14,23.376835957820056,0.0
dqn,1,15,21.37973973081887,0.0
dqn,1,16,19.48526298208394,0.0
dqn,1,17,19.344300640145317,0.0
dqn,1,18,21.67199604906544,0.0
dqn,1,19,18.153179791885822,0.0
dqn,1,20,22.2092668320549,0.0
dqn,1,21,21.78497935545539,0.0
dqn,1,22,24.40715935877219,0.0
dqn,1,23,17.858219791888878,0.0
dqn,1,24,19.369586799676966,0.0
dqn,1,25,17.556027569090787,0.0
dqn,1,26,18.802087013026732,0.0
dqn,1,27,25.46285623563199,0.0
dqn,1,28,21.392217649702346,0.0
dqn,1,29,17.809176679556927,0.0
dqn,1,30,18.66413195502286,0.0
dqn,1,31,20.742552990906667,0.0
dqn,1,32,18.647168425346827,0.0
dqn,1,33,19.492700640145245,0.0
dqn,1,34,23.038800116516803,0.0
dqn,1,35,18.08164011303778,0.0
dqn,1,36,19.320431785849003,0.0
dqn,1,37,20.283743023691716,0.0
dqn,1,38,18.3375215016232,0.0
dqn,1,39,20.87323948418229,0.0
dqn,1,40,17.635747618463043,0.0
dqn,1,41,18.068079791883385,0.0
dqn,1,42,19.24466614538119,0.0
dqn,1,43,20.827629219474478,0.0
dqn,1,44,20.536349284798604,0.0
dqn,1,45,16.67917979188342,0.0
dqn,1,46,20.24071236337607,0.0
dqn,1,47,17.462460181588362,0.0
dqn,1,48,18.21122745065256,0.0
dqn,1,49,16.65967979188374,0.0
dqn,1,50,18.12763186105375,0.0
dqn,1,51,16.67917979188342,0.0
dqn,1,52,20.09161565690087,0.0
dqn,1,53,19.327200966883037,0.0
dqn,1,54,16.679179791883477,0.0
dqn,1,55,16.67917979188342,0.0
dqn,1,56,25.66215276421724,0.0
dqn,1,57,18.2217290516342,0.0
dqn,1,58,18.19027979188408,0.0
dqn,1,59,16.67917979188342,0.0
dqn,1,60,17.342723963513464,0.0
dqn,1,61,17.868287652326543,0.0
dqn,1,62,20.484968595485498,0.0
dqn,1,63,20.998658957500503,0.0
dqn,1,64,19.114604733766043,0.0
dqn,1,65,19.607199184078556,0.0
dqn,1,66,18.119179791914988,0.0
dqn,1,67,17.816665935141074,0.0
dqn,1,68,22.17109718769668,0.0
dqn,1,69,16.67917979188342,0.0
dqn,1,70,18.153179791885822,0.0
dqn,1,71,16.67917979188342,0.0
dqn,1,72,18.221827450658743,0.0
dqn,1,73,18.193379791930013,0.0
dqn,1,74,19.263127652326546,0.0
dqn,1,75,17.320932135825316,0.0
dqn,1,76,16.67917979188342,0.0
dqn,1,77,18.055559791884924,0.0
dqn,1,78,16.67917979188342,0.0
dqn,1,79,19.35836461028361,0.0
dqn,1,80,18.75749941847837,0.0
dqn,1,81,17.95281979188337,0.0
dqn,1,82,17.95281979188337,0.0
dqn,1,83,19.37347188263786,0.0
dqn,1,84,17.242572135811372,0.0
dqn,1,85,16.691779791883654,0.0
dqn,1,86,17.392469973024042,0.0
dqn,1,87,20.903929882639535,0.0
dqn,1,88,19.52533535351582,0.0
dqn,1,89,22.386151129878783,0.0
dqn,1,90,21.047217253004305,0.0
dqn,1,91,19.06272055937409,0.0
dqn,1,92,19.58283111370281,0.0
dqn,1,93,24.545357912783096,0.0
dqn,1,94,22.67657463998291,0.0
dqn,1,95,20.373944891690662,0.0
dqn,1,96,18.65538598999001,0.0
dqn,1,97,19.390540459998057,0.0
dqn,1,98,18.668819243357905,0.0
dqn,1,99,18.83271466129002,0.0
dqn,1,100,26.34127203379527,0.0
dqn,1,101,19.967332995385725,0.0
dqn,1,102,22.66241058435788,0.0
dqn,1,103,29.03590010805101,0.0
dqn,1,104,30.42103744902459,0.0
dqn,1,105,21.668112616607218,0.0
dqn,1,106,23.188017669491288,0.0
dqn,1,107,25.685629433015578,0.0
dqn,1,108,34.3997030220872,0.0
dqn,1,109,30.451567874049218,0.0
dqn,1,110,28.81767653903736,0.0
dqn,1,111,27.12544076582764,0.0
dqn,1,112,25.861450202349097,0.0
dqn,1,113,30.5879781136366,0.0
dqn,1,114,30.297600209130863,0.0
dqn,1,115,29.069835154317477,0.0
dqn,1,116,31.03698759619187,0.0
dqn,1,117,28.09237674790353,0.0
dqn,1,118,28.751424015066824,0.0
dqn,1,119,32.51888101567178,0.0
dqn,2,0,-1.8467434282309012,0.0
dqn,2,1,1.913164606454876,0.0
dqn,2,2,37.02726510050335,0.0
dqn,2,3,31.35039887628171,0.0
dqn,2,4,35.966193222869855,0.0
dqn,2,5,42.48616194413198,0.0
dqn,2,6,26.956229465761663,0.0
dqn,2,7,29.64159182725239,0.0
dqn,2,8,35.25567052659786,0.0
dqn,2,9,29.257194004812284,0.0
dqn,2,10,27.38678822069238,0.0
dqn,2,11,40.24651746211528,0.0
dqn,2,12,33.31277835950793,0.0
dqn,2,13,27.13618922165645,0.0
dqn,2,14,28.56392988097503,0.0
dqn,2,15,21.147071433882715,0.0
dqn,2,16,25.794900216893254,0.0
dqn,2,17,34.32420885198987,0.0
dqn,2,18,28.45747827030128,0.0
dqn,2,19,30.88580224499306,0.0
dqn,2,20,16.583487570814334,0.0
dqn,2,21,23.42303281726125,0.0
dqn,2,22,27.1637404411172,0.0
dqn,2,23,19.936060707039147,0.0
dqn,2,24,20.460580431674323,0.0
dqn,2,25,22.757910263461905,0.0
dqn,2,26,28.166007399256856,0.0
dqn,2,27,24.050274285145026,0.0
dqn,2,28,25.546467812397893,0.0
dqn,2,29,24.82446504678482,0.0
dqn,2,30,28.93102430480653,0.0
dqn,2,31,28.424371126126346,0.0
dqn,2,32,34.883697572086724,0.0
dqn,2,33,25.248962194537537,0.0
dqn,2,34,20.81164401617515,0.0
dqn,2,35,26.70914408019672,0.0
dqn,2,36,36.75330396795611,0.0
dqn,2,37,28.53582899017397,0.0
dqn,2,38,30.55430762415156,0.0
dqn,2,39,24.058147114100148,0.0
dqn,2,40,29.544328817514085,0.0
dqn,2,41,38.693513271555645,0.0
dqn,2,42,21.73996740488738,0.0
dqn,2,43,22.154332736849067,0.0
dqn,2,44,22.647357616220155,0.0
dqn,2,45,100.93800406184832,0.0
dqn,2,46,5.668855270237337,0.0
dqn,2,47,2.393974472747161,0.0
dqn,2,48,24.78590696294244,0.0
dqn,2,49,27.46039182831056,0.0
dqn,2,50,33.96100911905584,0.0
dqn,2,51,18.236105398257145,0.0
dqn,2,52,35.210797029006365,0.0
dqn,2,53,22.387298403636105,0.0
dqn,2,54,23.485903494808998,0.0
dqn,2,55,24.91185461769335,0.0
dqn,2,56,22.357262515285115,0.0
dqn,2,57,17.853302159534586,0.0
dqn,2,58,16.38744946381541,0.0
dqn,2,59,-10.116283050611171,0.0
dqn,2,60,14.217824781323994,0.0
dqn,2,61,8.577380908190895,0.0
dqn,2,62,28.56114239533855,0.0
dqn,2,63,22.247863994357395,0.0
dqn,2,64,9.451605705230442,0.0
dqn,2,65,-2.1676567122534074,0.0
dqn,2,66,28.114374723090563,0.0
dqn,2,67,27.33044188869236,0.0
dqn,2,68,2.7283845477982425,0.0
dqn,2,69,19.63748473565732,0.0
dqn,2,70,19.10643394499244,0.0
dqn,2,71,30.29450276776472,0.0
dqn,2,72,23.935906533276377,0.0
dqn,2,73,26.68949088722352,0.0
dqn,2,74,10.807999972914198,0.0
dqn,2,75,14.427109857587068,0.0
dqn,2,76,31.54557031021925,0.0
dqn,2,77,154.4794424429144,1.0
dqn,2,78,16.26545912807535,0.0
dqn,2,79,22.55023190523585,0.0
dqn,2,80,39.821313819618446,0.0
dqn,2,81,142.86842633298482,1.0
dqn,2,82,150.52617767880352,1.0
dqn,2,83,23.780819600138457,0.0
dqn,2,84,134.97963441059852,1.0
dqn,2,85,28.73240041871626,0.0
dqn,2,86,156.48678499608354,1.0
dqn,2,87,26.631242506516383,0.0
dqn,2,88,137.4990403932112,1.0
dqn,2,89,143.86690764061814,1.0
dqn,2,90,150.5483582536609,1.0
dqn,2,91,132.89206309123173,1.0
dqn,2,92,170.99977150901006,1.0
dqn,2,93,135.08083617464916,1.0
dqn,2,94,146.2484587393417,1.0
dqn,2,95,143.82319144912225,1.0
dqn,2,96,13.960205713093046,1.0
dqn,2,97,147.28285522024072,1.0
dqn,2,98,152.1267354162119,1.0
dqn,2,99,-7.559199950815156,1.0
dqn,2,100,155.5752005654498,1.0
dqn,2,101,142.46488607861858,1.0
dqn,2,102,156.18659896357448,1.0
dqn,2,103,168.16640308739764,1.0
dqn,2,104,136.60036433227452,1.0
dqn,2,105,147.62186928723253,1.0
dqn,2,106,156.0652567690051,1.0
dqn,2,107,157.85607548263633,1.0
dqn,2,108,135.7916741151837,1.0
dqn,2,109,149.46895227653525,1.0
dqn,2,110,146.63102936657197,1.0
dqn,2,111,151.3503846635528,1.0
dqn,2,112,148.30650440094468,1.0
dqn,2,113,129.94263578940692,1.0
dqn,2,114,142.5225092462366,1.0
dqn,2,115,150.18015449866476,1.0
dqn,2,116,132.45190085255905,1.0
dqn,2,117,144.35413791002003,1.0
dqn,2,118,143.92309908576414,1.0
dqn,2,119,127.87694088679172,1.0
dqn_per,0,0,-7.600812029920055,0.0
dqn_per,0,1,-9.075311691356308,0.0
dqn_per,0,2,61.666178516426086,0.0
dqn_per,0,3,100.97263549558296,0.0
dqn_per,0,4,27.33783638608847,0.0
dqn_per,0,5,34.5416933602343,0.0
dqn_per,0,6,27.778750526099465,0.0
dqn_per,0,7,29.057208985387305,0.0
dqn_per,0,8,36.7147249467604,0.0
dqn_per,0,9,23.733960359365376,0.0
dqn_per,0,10,19.371023339199155,0.0
dqn_per,0,11,28.20725814372087,0.0
dqn_per,0,12,33.15541781988075,0.0
dqn_per,0,13,27.437652464422264,0.0
dqn_per,0,14,32.85430585585963,0.0
dqn_per,0,15,32.32230896108674,0.0
dqn_per,0,16,28.63191462841764,0.0
dqn_per,0,17,21.957556087800683,0.0
dqn_per,0,18,29.230017099812983,0.0
dqn_per,0,19,25.093429590294,0.0
dqn_per,0,20,23.14240161664368,0.0
dqn_per,0,21,17.33639963516651,0.0
dqn_per,0,22,19.408732603568023,0.0
dqn_per,0,23,23.752698960098407,0.0
dqn_per,0,24,25.12930361712173,0.0
dqn_per,0,25,20.565509410205244,0.0
dqn_per,0,26,20.42032557512773,0.0
dqn_per,0,27,23.78904681738685,0.0
dqn_per,0,28,21.777696402197208,0.0
dqn_per,0,29,21.98391156532677,0.0
dqn_per,0,30,24.29976822447357,0.0
dqn_per,0,31,19.41203946023945,0.0
dqn_per,0,32,19.39920863845773,0.0
dqn_per,0,33,22.06793711739657,0.0
dqn_per,0,34,24.80403682129647,0.0
dqn_per,0,35,24.79590490456488,0.0
dqn_per,0,36,17.796606117695134,0.0
dqn_per,0,37,19.92523191392728,0.0
dqn_per,0,38,18.59052590485124,0.0
dqn_per,0,39,19.508300640145464,0.0
dqn_per,0,40,22.02129101881844,0.0
dqn_per,0,41,19.903612817261404,0.0
dqn_per,0,42,23.976597154571515,0.0
dqn_per,0,43,23.89005002321511,0.0
dqn_per,0,44,18.174679791883463,0.0
dqn_per,0,45,20.13648598838068,0.0
dqn_per,0,46,19.1863047337653,0.0
dqn_per,0,47,17.64638581654443,0.0
dqn_per,0,48,19.6796038539212,0.0
dqn_per,0,49,18.880146060420092,0.0
dqn_per,0,50,16.697779791883512,0.0
dqn_per,0,51,20.634062923712307,0.0
dqn_per,0,52,20.94646418628836,0.0
dqn_per,0,53,21.969821166412785,0.0
dqn_per,0,54,19.97217144175027,0.0
dqn_per,0,55,18.070879791883414,0.0
dqn_per,0,56,21.195073918948395,0.0
dqn_per,0,57,18.803146060419227,0.0
dqn_per,0,58,19.27637277654636,0.0
dqn_per,0,59,17.379407298723706,0.0
dqn_per,0,60,16.67917979188342,0.0
dqn_per,0,61,20.707623022215145,0.0
dqn_per,0,62,18.489932136366257,0.0
dqn_per,0,63,20.827629219474478,0.0
dqn_per,0,64,19.064545956032568,0.0
dqn_per,0,65,21.97937885375571,0.0
dqn_per,0,66,23.46473054038548,0.0
dqn_per,0,67,26.645556851850458,0.0
dqn_per,0,68,26.951849439535707,0.0
dqn_per,0,69,19.51114436696644,0.0
dqn_per,0,70,27.79850548076872,0.0
dqn_per,0,71,29.094474693615595,0.0
dqn_per,0,72,32.713918992310454,0.0
dqn_per,0,73,29.34753734197467,0.0
dqn_per,0,74,35.39042302121309,0.0
dqn_per,0,75,30.88337775285926,0.0
dqn_per,0,76,34.112219785079205,0.0
dqn_per,0,77,34.28667193406706,0.0
dqn_per,0,78,35.12203832063432,0.0
dqn_per,0,79,35.073837550631715,0.0
dqn_per,0,80,31.85782084185873,0.0
dqn_per,0,81,29.210369685780364,0.0
dqn_per,0,82,30.55576121136904,0.0
dqn_per,0,83,30.791219813697257,0.0
dqn_per,0,84,25.324235511050496,0.0
dqn_per,0,85,26.229940227825395,0.0
dqn_per,0,86,28.375843152968727,0.0
dqn_per,0,87,31.27137313001329,0.0
dqn_per,0,88,37.08675631273895,0.0
dqn_per,0,89,34.02455302522656,0.0
dqn_per,0,90,29.40380101085361,0.0
dqn_per,0,91,28.980672006075245,0.0
dqn_per,0,92,35.17983296541102,0.0
dqn_per,0,93,31.534980257019804,0.0
dqn_per,0,94,35.14522593604494,0.0
dqn_per,0,95,37.10271722861784,0.0
dqn_per,0,96,36.16912231469323,0.0
dqn_per,0,97,27.98221014268557,0.0
dqn_per,0,98,19.22798883784985,0.0
dqn_per,0,99,19.52100322498759,0.0
dqn_per,0,100,26.0985383043636,0.0
dqn_per,0,101,28.169281574325893,0.0
dqn_per,0,102,25.7014939750358,0.0
dqn_per,0,103,31.18561353414765,0.0
dqn_per,0,104,35.58845536082788,0.0
dqn_per,0,105,36.75071372916973,0.0
dqn_per,0,106,27.886630485411388,0.0
dqn_per,0,107,28.903318561802596,0.0
dqn_per,0,108,33.9162411624513,0.0
dqn_per,0,109,31.02133613697366,0.0
dqn_per,0,110,31.620565881326414,0.0
dqn_per,0,111,33.462450558412336,0.0
dqn_per,0,112,33.08195533152319,0.0
dqn_per,0,113,35.00625812462774,0.0
dqn_per,0,114,33.673642140864445,0.0
dqn_per,0,115,33.92705713270926,0.0
dqn_per,0,116,31.33100692054033,0.0
dqn_per,0,117,33.44968902308739,0.0
dqn_per,0,118,30.967008538065222,0.0
dqn_per,0,119,30.993507279509856,0.0
dqn_per,1,0,41.66352348335778,0.0
dqn_per,1,1,73.84183331303694,0.0
dqn_per,1,2,-6.25000376148731,0.0
dqn_per,1,3,-5.097414461171689,0.0
dqn_per,1,4,67.23470208012262,0.0
dqn_per,1,5,-2.5331502692111965,0.0
dqn_per,1,6,-7.686985059146332,0.0
dqn_per,1,7,-7.045581938123787,0.0
dqn_per,1,8,120.8470739441984,1.0
dqn_per,1,9,30.39406914898626,0.0
dqn_per,1,10,23.850151959813918,0.0
dqn_per,1,11,33.946681607588566,0.0
dqn_per,1,12,24.03160925840721,0.0
dqn_per,1,13,24.72187018886008,0.0
dqn_per,1,14,23.62385052631855,0.0
dqn_per,1,15,18.3331660620402,0.0
dqn_per,1,16,30.578761510840387,0.0
dqn_per,1,17,21.015038076578648,0.0
dqn_per,1,18,24.21203145630414,0.0
dqn_per,1,19,18.42873068650872,0.0
dqn_per,1,20,26.30487152949361,0.0
dqn_per,1,21,23.227344373071688,0.0
dqn_per,1,22,26.59391158612398,0.0
dqn_per,1,23,21.04789843607496,0.0
dqn_per,1,24,28.85256238522161,0.0
dqn_per,1,25,23.232925310317043,0.0
dqn_per,1,26,20.575275801045592,0.0
dqn_per,1,27,33.90386786375554,0.0
dqn_per,1,28,22.926637810695304,0.0
dqn_per,1,29,24.50403765651427,0.0
dqn_per,1,30,33.12846426504049,0.0
dqn_per,1,31,20.84284681669197,0.0
dqn_per,1,32,24.988651175747016,0.0
dqn_per,1,33,24.97874595583436,0.0
dqn_per,1,34,31.18818563242724,0.0
dqn_per,1,35,29.84891116622209,0.0
dqn_per,1,36,36.734131429564016,0.0
dqn_per,1,37,34.222879605226325,0.0
dqn_per,1,38,36.855742058288655,0.0
dqn_per,1,39,33.84908987234159,0.0
dqn_per,1,40,25.96132356011177,0.0
dqn_per,1,41,31.34738403966452,0.0
dqn_per,1,42,31.553336217542626,0.0
dqn_per,1,43,28.07541698094564,0.0
dqn_per,1,44,26.620457367477343,0.0
dqn_per,1,45,27.09507999089576,0.0
dqn_per,1,46,26.88549723385467,0.0
dqn_per,1,47,31.573483672965345,0.0
dqn_per,1,48,34.368033580798105,0.0
dqn_per,1,49,32.041854791222235,0.0
dqn_per,1,50,27.45265892968437,0.0
dqn_per,1,51,33.72562526053851,0.0
dqn_per,1,52,37.44621801333105,0.0
dqn_per,1,53,28.036085733978243,0.0
dqn_per,1,54,28.097082012258184,0.0
dqn_per,1,55,29.290024921826813,0.0
dqn_per,1,56,26.61918635911919,0.0
dqn_per,1,57,25.825770684376835,0.0
dqn_per,1,58,21.48484001688112,0.0
dqn_per,1,59,21.65874754289244,0.0
dqn_per,1,60,19.11436460255966,0.0
dqn_per,1,61,22.262899356036947,0.0
dqn_per,1,62,26.549963677147552,0.0
dqn_per,1,63,25.84860068437726,0.0
dqn_per,1,64,23.300044237998986,0.0
dqn_per,1,65,24.517092883724796,0.0
dqn_per,1,66,27.758835477916875,0.0
dqn_per,1,67,25.318827305241165,0.0
dqn_per,1,68,22.639626527614887,0.0
dqn_per,1,69,23.103695154863388,0.0
dqn_per,1,70,26.370329381763625,0.0
dqn_per,1,71,26.617857738054692,0.0
dqn_per,1,72,23.91724490459915,0.0
dqn_per,1,73,25.85071754839837,0.0
dqn_per,1,74,30.432775762352428,0.0
dqn_per,1,75,24.591705653930568,0.0
dqn_per,1,76,33.385553238278824,0.0
dqn_per,1,77,29.66869842893189,0.0
dqn_per,1,78,29.87193028088174,0.0
dqn_per,1,79,26.612240817548678,0.0
dqn_per,1,80,19.03754070754573,0.0
dqn_per,1,81,26.154072475508805,0.0
dqn_per,1,82,27.992240496120157,0.0
dqn_per,1,83,26.664985593163685,0.0
dqn_per,1,84,27.30111191096286,0.0
dqn_per,1,85,27.45850183390912,0.0
dqn_per,1,86,26.459307301922045,0.0
dqn_per,1,87,28.70656873019932,0.0
dqn_per,1,88,26.476292614552804,0.0
dqn_per,1,89,30.439437914193487,0.0
dqn_per,1,90,33.76203018342429,0.0
dqn_per,1,91,30.15368702911408,0.0
dqn_per,1,92,22.169393923127853,0.0
dqn_per,1,93,29.5787790830276,0.0
dqn_per,1,94,29.894603162155423,0.0
dqn_per,1,95,36.542310683297046,0.0
dqn_per,1,96,32.10737241864955,0.0
dqn_per,1,97,27.189471273077466,0.0
dqn_per,1,98,133.53755190899466,1.0
dqn_per,1,99,29.81202944579001,0.0
dqn_per,1,100,27.385137099352946,0.0
dqn_per,1,101,26.49024664852412,0.0
dqn_per,1,102,119.5031096646402,1.0
dqn_per,1,103,31.855677977699266,0.0
dqn_per,1,104,31.022381307159662,0.0
dqn_per,1,105,26.29368859698584,0.0
dqn_per,1,106,27.834396072329213,0.0
dqn_per,1,107,102.97130463711896,0.0
dqn_per,1,108,63.26480181313275,0.0
dqn_per,1,109,35.95568048536028,0.0
dqn_per,1,110,31.789416580507837,0.0
dqn_per,1,111,32.876746819646904,0.0
dqn_per,1,112,27.78118602231065,0.0
dqn_per,1,113,35.019197864505,0.0
dqn_per,1,114,34.14913814645906,0.0
dqn_per,1,115,66.75118490148081,0.0
dqn_per,1,116,128.22747405810958,1.0
dqn_per,1,117,28.13608290934725,0.0
dqn_per,1,118,117.43113726000564,1.0
dqn_per,1,119,129.77163778259032,1.0
dqn_per,2,0,39.97101130039181,0.0
dqn_per,2,1,43.980208489702,0.0
dqn_per,2,2,84.14195145911576,0.0
dqn_per,2,3,28.72114044596264,0.0
dqn_per,2,4,41.50466459034735,0.0
dqn_per,2,5,31.96281441763701,0.0
dqn_per,2,6,24.87695438459523,0.0
dqn_per,2,7,38.40178886610222,0.0
dqn_per,2,8,23.11538466583704,0.0
dqn_per,2,9,30.307959341914064,0.0
dqn_per,2,10,32.23021341167773,0.0
dqn_per,2,11,31.743184588714044,0.0
dqn_per,2,12,25.70872547296456,0.0
dqn_per,2,13,21.169517686536373,0.0
dqn_per,2,14,24.14043071457771,0.0
dqn_per,2,15,22.21250659243208,0.0
dqn_per,2,16,26.262492914209304,0.0
dqn_per,2,17,27.795416732461625,0.0
dqn_per,2,18,22.32560311271211,0.0
dqn_per,2,19,40.41170234426048,0.0
dqn_per,2,20,21.681870640310443,0.0
dqn_per,2,21,28.454221595043627,0.0
dqn_per,2,22,24.53945080113011,0.0
dqn_per,2,23,23.83767865705424,0.0
dqn_per,2,24,29.805862606838826,0.0
dqn_per,2,25,21.986446972948023,0.0
dqn_per,2,26,20.138495204519693,0.0
dqn_per,2,27,26.52528122552784,0.0
dqn_per,2,28,22.51349347979365,0.0
dqn_per,2,29,25.234084215294164,0.0
dqn_per,2,30,28.561181356972853,0.0
dqn_per,2,31,29.86845643251128,0.0
dqn_per,2,32,33.331186327261214,0.0
dqn_per,2,33,37.255174496713686,0.0
dqn_per,2,34,32.15493827959629,0.0
dqn_per,2,35,19.32584503946928,0.0
dqn_per,2,36,17.54679915107343,0.0
dqn_per,2,37,23.596384895540623,0.0
dqn_per,2,38,26.851173278621403,0.0
dqn_per,2,39,27.84919554726437,0.0
dqn_per,2,40,23.55338475267561,0.0
dqn_per,2,41,19.4130681251754,0.0
dqn_per,2,42,20.721015754855102,0.0
dqn_per,2,43,16.678807528284096,0.0
dqn_per,2,44,19.128010820698115,0.0
dqn_per,2,45,24.27557029104534,0.0
dqn_per,2,46,21.352613252937022,0.0
dqn_per,2,47,18.23296433423725,0.0
dqn_per,2,48,19.646729900599688,0.0
dqn_per,2,49,24.036730586780408,0.0
dqn_per,2,50,18.90742292583511,0.0
dqn_per,2,51,15.78379687322783,0.0
dqn_per,2,52,16.208451879699886,0.0
dqn_per,2,53,15.198959465353928,0.0
dqn_per,2,54,22.26023566889049,0.0
dqn_per,2,55,16.29567773578393,0.0
dqn_per,2,56,23.7544240006288,0.0
dqn_per,2,57,18.08406941741939,0.0
dqn_per,2,58,16.458460727206322,0.0
dqn_per,2,59,17.18193926286412,0.0
dqn_per,2,60,16.180832320614414,0.0
dqn_per,2,61,15.198959465353928,0.0
dqn_per,2,62,19.782731006773343,0.0
dqn_per,2,63,49.339892369737456,0.0
dqn_per,2,64,27.5874905528889,0.0
dqn_per,2,65,20.71006500898733,0.0
dqn_per,2,66,17.920946764326068,0.0
dqn_per,2,67,15.20846895341275,0.0
dqn_per,2,68,16.149215261971424,0.0
dqn_per,2,69,6.66713568261361,0.0
dqn_per,2,70,19.829516833473637,0.0
dqn_per,2,71,26.425943434845514,0.0
dqn_per,2,72,7.374309327935654,0.0
dqn_per,2,73,6.612017640889711,0.0
dqn_per,2,74,19.56451429993288,0.0
dqn_per,2,75,6.794698833052562,0.0
dqn_per,2,76,17.926993839139136,0.0
dqn_per,2,77,7.903079300326839,0.0
dqn_per,2,78,22.30307089614149,0.0
dqn_per,2,79,16.423661794675674,0.0
dqn_per,2,80,21.554326386781117,0.0
dqn_per,2,81,19.842332003203506,0.0
dqn_per,2,82,16.236526697201498,0.0
dqn_per,2,83,20.126409203792928,0.0
dqn_per,2,84,15.95668420327065,0.0
dqn_per,2,85,21.259768467103868,0.0
dqn_per,2,86,16.103601281984794,0.0
dqn_per,2,87,18.91016088021417,0.0
dqn_per,2,88,16.88557683285996,0.0
dqn_per,2,89,16.18494247998057,0.0
dqn_per,2,90,17.617487800133013,0.0
dqn_per,2,91,18.305407522714248,0.0
dqn_per,2,92,15.15009066731234,0.0
dqn_per,2,93,17.0004956635795,0.0
dqn_per,2,94,17.54679915107343,0.0
dqn_per,2,95,17.54679915107343,0.0
dqn_per,2,96,16.699702119466636,0.0
dqn_per,2,97,20.09329905859014,0.0
dqn_per,2,98,20.48735626504113,0.0
dqn_per,2,99,18.56717923155771,0.0
dqn_per,2,100,21.856452171117493,0.0
dqn_per,2,101,17.707347978356815,0.0
dqn_per,2,102,20.06445140604109,0.0
dqn_per,2,103,17.409069897179055,0.0
dqn_per,2,104,19.16936274562848,0.0
dqn_per,2,105,18.922038589775283,0.0
dqn_per,2,106,20.750059753353423,0.0
dqn_per,2,107,16.97757637036281,0.0
dqn_per,2,108,17.920133810343344,0.0
dqn_per,2,109,17.615016022113355,0.0
dqn_per,2,110,24.148932541663264,0.0
dqn_per,2,111,16.292981806819732,0.0
dqn_per,2,112,71.73797232080099,0.0
dqn_per,2,113,15.198960120056697,0.0
dqn_per,2,114,16.184292015398285,0.0
dqn_per,2,115,16.292981806819732,0.0
dqn_per,2,116,22.143059293117872,0.0
dqn_per,2,117,24.9198285584153,0.0
dqn_per,2,118,25.73326003222065,0.0
dqn_per,2,119,32.79293107128479,0.0
ddqn,0,0,40.25100547644029,0.0
ddqn,0,1,3.8560206593457895,0.0
ddqn,0,2,-6.392350807000227,0.0
ddqn,0,3,32.51377872785477,0.0
ddqn,0,4,107.94859147051832,0.0
ddqn,0,5,35.42364057412304,0.0
ddqn,0,6,39.292372223358846,0.0
ddqn,0,7,32.451342041673726,0.0
ddqn,0,8,30.44284551133942,0.0
ddqn,0,9,32.01485653602796,0.0
ddqn,0,10,24.12097466343426,0.0
ddqn,0,11,19.19593350269558,0.0
ddqn,0,12,21.69296910663519,0.0
ddqn,0,13,25.79160857714717,0.0
ddqn,0,14,32.8341437730383,0.0
ddqn,0,15,25.565220167474862,0.0
ddqn,0,16,18.08518679987477,0.0
ddqn,0,17,21.971263236306065,0.0
ddqn,0,18,31.453396854866,0.0
ddqn,0,19,18.208122182041947,0.0
ddqn,0,20,29.567120562002053,0.0
ddqn,0,21,24.4456212643612,0.0
ddqn,0,22,27.275848159914737,0.0
ddqn,0,23,31.40405246805785,0.0
ddqn,0,24,19.12726843141364,0.0
ddqn,0,25,24.272593380066915,0.0
ddqn,0,26,17.73331979188763,0.0
ddqn,0,27,21.1096884523027,0.0
ddqn,0,28,22.498128561917746,0.0
ddqn,0,29,23.76499011763017,0.0
ddqn,0,30,20.889184287020846,0.0
ddqn,0,31,26.443565739848744,0.0
ddqn,0,32,18.958905345334266,0.0
ddqn,0,33,26.402674943755635,0.0
ddqn,0,34,19.639978729581795,0.0
ddqn,0,35,25.347889696554205,0.0
ddqn,0,36,27.446938418936952,0.0
ddqn,0,37,27.65677149251372,0.0
ddqn,0,38,17.61848050582053,0.0
ddqn,0,39,20.286768167254444,0.0
ddqn,0,40,17.726611198094332,0.0
ddqn,0,41,18.92528160780228,0.0
ddqn,0,42,24.09432312261316,0.0
ddqn,0,43,15.956668425355806,0.0
ddqn,0,44,23.44372079994441,0.0
ddqn,0,45,19.28189979191465,0.0
ddqn,0,46,17.343031774735437,0.0
ddqn,0,47,19.941712817261347,0.0
ddqn,0,48,17.214832135811314,0.0
ddqn,0,49,17.51270581652161,0.0
ddqn,0,50,23.743473200070063,0.0
ddqn,0,51,24.05860031077684,0.0
ddqn,0,52,19.59623372308011,0.0
ddqn,0,53,21.72842365311568,0.0
ddqn,0,54,19.69210871234196,0.0
ddqn,0,55,20.739011116214414,0.0
ddqn,0,56,19.607603853916714,0.0
ddqn,0,57,17.914676331899607,0.0
ddqn,0,58,16.65967979188374,0.0
ddqn,0,59,20.06337067184408,0.0
ddqn,0,60,19.711603853916763,0.0
ddqn,0,61,16.67917979188342,0.0
ddqn,0,62,21.14416457658341,0.0
ddqn,0,63,18.18577979188617,0.0
ddqn,0,64,21.14715465222812,0.0
ddqn,0,65,20.827629219474478,0.0
ddqn,0,66,18.070879791883414,0.0
ddqn,0,67,17.914676331899607,0.0
ddqn,0,68,19.483486799669382,0.0
ddqn,0,69,21.75594295590661,0.0
ddqn,0,70,18.22399286835297,0.0
ddqn,0,71,17.967359791883382,0.0
ddqn,0,72,17.97579979188609,0.0
ddqn,0,73,18.07517979188342,0.0
ddqn,0,74,18.0740197918834,0.0
ddqn,0,75,18.186779791894917,0.0
ddqn,0,76,17.342723963513464,0.0
ddqn,0,77,17.43379761696356,0.0
ddqn,0,78,21.93312196456709,0.0
ddqn,0,79,32.40982613767703,0.0
ddqn,0,80,30.913219970631573,0.0
ddqn,0,81,33.394562739063105,0.0
ddqn,0,82,25.42549827647225,0.0
ddqn,0,83,17.308394836834303,0.0
ddqn,0,84,16.67917979188342,0.0
ddqn,0,85,19.57148745065337,0.0
ddqn,0,86,20.730291526741908,0.0
ddqn,0,87,22.527079660409655,0.0
ddqn,0,88,17.56011761696383,0.0
ddqn,0,89,20.66589727419357,0.0
ddqn,0,90,19.439991860999378,0.0
ddqn,0,91,18.1466797919632,0.0
ddqn,0,92,21.573755557577996,0.0
ddqn,0,93,22.218069657377875,0.0
ddqn,0,94,20.045016265679926,0.0
ddqn,0,95,23.23463037590508,0.0
ddqn,0,96,25.814453360207644,0.0
ddqn,0,97,28.196810304303625,0.0
ddqn,0,98,27.52421229382218,0.0
ddqn,0,99,21.573755557578018,0.0
ddqn,0,100,23.748314500839705,0.0
ddqn,0,101,25.52086024137824,0.0
ddqn,0,102,29.713490967984757,0.0
ddqn,0,103,34.45794436343238,0.0
ddqn,0,104,31.29013534119489,0.0
ddqn,0,105,29.505340978456,0.0
ddqn,0,106,30.791200286362677,0.0
ddqn,0,107,31.16242032997173,0.0
ddqn,0,108,31.33469470459807,0.0
ddqn,0,109,30.16104549288905,0.0
ddqn,0,110,31.97047529915508,0.0
ddqn,0,111,34.91252221516702,0.0
ddqn,0,112,34.93629898313415,0.0
ddqn,0,113,33.33455627113307,0.0
ddqn,0,114,29.20003809344525,0.0
ddqn,0,115,32.215332604735984,0.0
ddqn,0,116,34.530710105307925,0.0
ddqn,0,117,29.537531952200773,0.0
ddqn,0,118,30.65773260994616,0.0
ddqn,0,119,30.57316834473372,0.0
ddqn,1,0,24.17117719964552,0.0
ddqn,1,1,40.12063267689922,0.0
ddqn,1,2,44.67623909356676,0.0
ddqn,1,3,63.193106024588914,0.0
ddqn,1,4,11.773323936043676,0.0
ddqn,1,5,45.05148509490088,0.0
ddqn,1,6,123.23139364061484,1.0
ddqn,1,7,29.754659585679526,0.0
ddqn,1,8,29.97508861293069,0.0
ddqn,1,9,23.32875614097508,0.0
ddqn,1,10,35.55398761346417,0.0
ddqn,1,11,29.400851085487524,0.0
ddqn,1,12,29.918411181790724,0.0
ddqn,1,13,21.94606123525155,0.0
ddqn,1,14,24.34103626544013,0.0
ddqn,1,15,21.6511483354237,0.0
ddqn,1,16,22.34813468887489,0.0
ddqn,1,17,28.48220525635708,0.0
ddqn,1,18,21.46617063960867,0.0
ddqn,1,19,21.27156051114849,0.0
ddqn,1,20,21.416733155991963,0.0
ddqn,1,21,27.131672645113035,0.0
ddqn,1,22,19.57911005457717,0.0
ddqn,1,23,23.092905079276967,0.0
ddqn,1,24,27.63439135587049,0.0
ddqn,1,25,18.19477979188366,0.0
ddqn,1,26,17.34479729884235,0.0
ddqn,1,27,23.242998379994305,0.0
ddqn,1,28,22.344137470856097,0.0
ddqn,1,29,26.162967391034563,0.0
ddqn,1,30,23.45082596072104,0.0
ddqn,1,31,17.754181607052004,0.0
ddqn,1,32,18.068079791883385,0.0
ddqn,1,33,26.62260186267259,0.0
ddqn,1,34,26.648632916461835,0.0
ddqn,1,35,18.20297642436372,0.0
ddqn,1,36,20.920305742394085,0.0
ddqn,1,37,18.747673173984023,0.0
ddqn,1,38,20.609249219474307,0.0
ddqn,1,39,19.59623372308011,0.0
ddqn,1,40,19.41261854600165,0.0
ddqn,1,41,20.935072990910463,0.0
ddqn,1,42,19.0614646974145,0.0
ddqn,1,43,18.17718343485958,0.0
ddqn,1,44,20.042146060787616,0.0
ddqn,1,45,23.78213715592127,0.0
ddqn,1,46,18.99247515071216,0.0
ddqn,1,47,16.90344108958641,0.0
ddqn,1,48,22.920059943477572,0.0
ddqn,1,49,17.85913705158604,0.0
ddqn,1,50,16.67917979188342,0.0
ddqn,1,51,23.747096061473023,0.0
ddqn,1,52,19.74088288040289,0.0
ddqn,1,53,19.74549494168795,0.0
ddqn,1,54,19.86101253186935,0.0
ddqn,1,55,16.67917979188342,0.0
ddqn,1,56,23.925010084201467,0.0
ddqn,1,57,24.13106640220093,0.0
ddqn,1,58,26.50420456254983,0.0
ddqn,1,59,30.39822828325439,0.0
ddqn,1,60,23.36898753574017,0.0
ddqn,1,61,25.495658590307343,0.0
ddqn,1,62,18.211486156797392,0.0
ddqn,1,63,20.830715511468647,0.0
ddqn,1,64,21.59509049696341,0.0
ddqn,1,65,21.235839486907395,0.0
ddqn,1,66,22.488813693567053,0.0
ddqn,1,67,25.146814909042803,0.0
ddqn,1,68,19.22058495175998,0.0
ddqn,1,69,19.814507093942176,0.0
ddqn,1,70,24.07101106867585,0.0
ddqn,1,71,24.31502914350372,0.0
ddqn,1,72,28.03461264430692,0.0
ddqn,1,73,23.398895636659557,0.0
ddqn,1,74,27.492961830997523,0.0
ddqn,1,75,24.71904567442487,0.0
ddqn,1,76,23.42663461599347,0.0
ddqn,1,77,23.153355163682924,0.0
ddqn,1,78,25.321580086192284,0.0
ddqn,1,79,24.333024173088543,0.0
ddqn,1,80,23.93703712026804,0.0
ddqn,1,81,23.17303228825319,0.0
ddqn,1,82,25.003115132845387,0.0
ddqn,1,83,24.611804199156715,0.0
ddqn,1,84,28.62926978367326,0.0
ddqn,1,85,26.41333512088095,0.0
ddqn,1,86,21.742448837330198,0.0
ddqn,1,87,25.439612016474,0.0
ddqn,1,88,25.878136781002347,0.0
ddqn,1,89,27.273338224240995,0.0
ddqn,1,90,26.890527782611727,0.0
ddqn,1,91,27.760294593652027,0.0
ddqn,1,92,28.615510089298155,0.0
ddqn,1,93,30.21956393155785,0.0
ddqn,1,94,28.436092054780133,0.0
ddqn,1,95,28.099008516863517,0.0
ddqn,1,96,28.445608947857707,0.0
ddqn,1,97,31.54356513899787,0.0
ddqn,1,98,31.11857774210933,0.0
ddqn,1,99,31.36132733045266,0.0
ddqn,1,100,30.35849400873852,0.0
ddqn,1,101,31.01924558124569,0.0
ddqn,1,102,32.8357605014697,0.0
ddqn,1,103,29.80160833621873,0.0
ddqn,1,104,36.73582981905579,0.0
ddqn,1,105,33.84116957564016,0.0
ddqn,1,106,34.95493570430483,0.0
ddqn,1,107,31.83460353715411,0.0
ddqn,1,108,32.69184552680796,0.0
ddqn,1,109,34.190407314774966,0.0
ddqn,1,110,35.50122367938561,0.0
ddqn,1,111,35.81667584104043,0.0
ddqn,1,112,29.73169035636544,0.0
ddqn,1,113,29.56638493610853,0.0
ddqn,1,114,32.30732370825625,0.0
ddqn,1,115,31.44946721718733,0.0
ddqn,1,116,32.361486816224826,0.0
ddqn,1,117,31.757641982162237,0.0
ddqn,1,118,31.666505053796413,0.0
ddqn,1,119,31.263941710466845,0.0
ddqn,2,0,-1.8467434282309012,0.0
ddqn,2,1,1.913164606454876,0.0
ddqn,2,2,35.423170442831086,0.0
ddqn,2,3,43.408495975064994,0.0
ddqn,2,4,34.67381129474072,0.0
ddqn,2,5,39.52252554641118,0.0
ddqn,2,6,30.81013359048834,0.0
ddqn,2,7,34.757425643451434,0.0
ddqn,2,8,41.879573863684,0.0
ddqn,2,9,30.910173733788657,0.0
ddqn,2,10,32.54081402050849,0.0
ddqn,2,11,29.88303957432045,0.0
ddqn,2,12,21.269197190657643,0.0
ddqn,2,13,24.76340532896711,0.0
ddqn,2,14,31.48330069211268,0.0
ddqn,2,15,30.438335426584743,0.0
ddqn,2,16,23.44963852254316,0.0
ddqn,2,17,29.883828592218592,0.0
ddqn,2,18,23.853248024403207,0.0
ddqn,2,19,20.00321125595432,0.0
ddqn,2,20,30.737273277487475,0.0
ddqn,2,21,26.23762482759153,0.0
ddqn,2,22,19.23539876190089,0.0
ddqn,2,23,24.469791166902468,0.0
ddqn,2,24,24.79375199426203,0.0
ddqn,2,25,19.915953162374763,0.0
ddqn,2,26,26.656630704050777,0.0
ddqn,2,27,30.74773182556148,0.0
ddqn,2,28,19.949808454836017,0.0
ddqn,2,29,23.653143888334316,0.0
ddqn,2,30,18.419715473063636,0.0
ddqn,2,31,26.237527236256405,0.0
ddqn,2,32,22.315028201852144,0.0
ddqn,2,33,27.6089280558804,0.0
ddqn,2,34,28.651809727410708,0.0
ddqn,2,35,22.22735166824829,0.0
ddqn,2,36,19.29396862630581,0.0
ddqn,2,37,19.27852283305583,0.0
ddqn,2,38,29.182256692777983,0.0
ddqn,2,39,18.46597645507483,0.0
ddqn,2,40,21.40208224805051,0.0
ddqn,2,41,18.068079791883363,0.0
ddqn,2,42,19.28667661343376,0.0
ddqn,2,43,19.731277239349524,0.0
ddqn,2,44,18.508273490701317,0.0
ddqn,2,45,16.697779791883512,0.0
ddqn,2,46,17.517154836303988,0.0
ddqn,2,47,17.342723963513464,0.0
ddqn,2,48,21.14655129885568,0.0
ddqn,2,49,20.613802059970013,0.0
ddqn,2,50,19.579051929455492,0.0
ddqn,2,51,17.488644483797252,0.0
ddqn,2,52,22.12798953499633,0.0
ddqn,2,53,16.841179791897794,0.0
ddqn,2,54,16.841179791897794,0.0
ddqn,2,55,24.712896824004915,0.0
ddqn,2,56,17.48120323031287,0.0
ddqn,2,57,17.683408176356203,0.0
ddqn,2,58,19.391216305889813,0.0
ddqn,2,59,17.65449483630408,0.0
ddqn,2,60,19.433168059131503,0.0
ddqn,2,61,19.26619472628609,0.0
ddqn,2,62,16.67917979188342,0.0
ddqn,2,63,18.128679791963165,0.0
ddqn,2,64,18.080864610283665,0.0
ddqn,2,65,18.076086799668985,0.0
ddqn,2,66,17.824265935148766,0.0
ddqn,2,67,21.223133501400184,0.0
ddqn,2,68,19.35014046824033,0.0
ddqn,2,69,17.616235150712292,0.0
ddqn,2,70,19.920138002663712,0.0
ddqn,2,71,17.619394836304124,0.0
ddqn,2,72,21.02013387926773,0.0
ddqn,2,73,20.830040468240192,0.0
ddqn,2,74,17.95499979188334,0.0
ddqn,2,75,16.67917979188342,0.0
ddqn,2,76,19.96330845483579,0.0
ddqn,2,77,17.629894836304032,0.0
ddqn,2,78,18.83257877279185,0.0
ddqn,2,79,18.069519791883444,0.0
ddqn,2,80,18.17767979188345,0.0
ddqn,2,81,19.116710511106533,0.0
ddqn,2,82,25.770761464110223,0.0
ddqn,2,83,21.000465489857568,0.0
ddqn,2,84,20.715089219474088,0.0
ddqn,2,85,18.835935284833496,0.0
ddqn,2,86,20.31975747663467,0.0
ddqn,2,87,19.56723634951801,0.0
ddqn,2,88,19.176687016918308,0.0
ddqn,2,89,23.253069593248675,0.0
ddqn,2,90,22.518300624866814,0.0
ddqn,2,91,24.08240344668031,0.0
ddqn,2,92,22.470163148709936,0.0
ddqn,2,93,22.405082645632177,0.0
ddqn,2,94,22.615494752608303,0.0
ddqn,2,95,25.306521867919827,0.0
ddqn,2,96,27.08126701467421,0.0
ddqn,2,97,33.83846996686247,0.0
ddqn,2,98,31.498719085885018,0.0
ddqn,2,99,26.012762467115337,0.0
ddqn,2,100,23.982028943323087,0.0
ddqn,2,101,24.969539267064043,0.0
ddqn,2,102,27.460352890426933,0.0
ddqn,2,103,24.91854893665364,0.0
ddqn,2,104,23.29453152374679,0.0
ddqn,2,105,27.30095201819309,0.0
ddqn,2,106,24.86049094238843,0.0
ddqn,2,107,25.095618076666558,0.0
ddqn,2,108,24.03452102569068,0.0
ddqn,2,109,26.209815138076912,0.0
ddqn,2,110,27.86423701511337,0.0
ddqn,2,111,27.127918325256672,0.0
ddqn,2,112,28.0616337096214,0.0
ddqn,2,113,24.075332822810125,0.0
ddqn,2,114,26.982513271686532,0.0
ddqn,2,115,28.36361073335007,0.0
ddqn,2,116,28.57150807645295,0.0
ddqn,2,117,30.719327049193247,0.0
ddqn,2,118,25.011529253195697,0.0
ddqn,2,119,27.74951127071059,0.0
ddqn_per,0,0,-7.600812029920055,0.0
ddqn_per,0,1,-9.075311691356308,0.0
ddqn_per,0,2,61.666178516426086,0.0
ddqn_per,0,3,100.97263549558296,0.0
ddqn_per,0,4,27.33783638608847,0.0
ddqn_per,0,5,34.5416933602343,0.0
ddqn_per,0,6,27.778750526099465,0.0
ddqn_per,0,7,29.057208985387305,0.0
ddqn_per,0,8,36.7147249467604,0.0
ddqn_per,0,9,23.733960359365376,0.0
ddqn_per,0,10,19.371023339199155,0.0
ddqn_per,0,11,28.20725814372087,0.0
ddqn_per,0,12,33.15541781988075,0.0
ddqn_per,0,13,27.437652464422264,0.0
ddqn_per,0,14,32.85430585585963,0.0
ddqn_per,0,15,32.32230896108674,0.0
ddqn_per,0,16,28.676914628419905,0.0
ddqn_per,0,17,21.957556087800683,0.0
ddqn_per,0,18,29.21351709981264,0.0
ddqn_per,0,19,25.093429590293766,0.0
ddqn_per,0,20,23.11150161664257,0.0
ddqn_per,0,21,18.783899635165252,0.0
ddqn_per,0,22,19.128314532650972,0.0
ddqn_per,0,23,37.35521109089953,0.0
ddqn_per,0,24,19.2611079171973,0.0
ddqn_per,0,25,16.432687569112325,0.0
ddqn_per,0,26,26.91796060411656,0.0
ddqn_per,0,27,29.16926476384961,0.0
ddqn_per,0,28,19.08125071700199,0.0
ddqn_per,0,29,20.58492933127527,0.0
ddqn_per,0,30,21.489461836482903,0.0
ddqn_per,0,31,24.86806123972241,0.0
ddqn_per,0,32,19.11643768558376,0.0
ddqn_per,0,33,23.35693161614092,0.0
ddqn_per,0,34,17.659785816519467,0.0
ddqn_per,0,35,20.47356257474633,0.0
ddqn_per,0,36,19.28919846146852,0.0
ddqn_per,0,37,22.56580081767452,0.0
ddqn_per,0,38,20.476289103417884,0.0
ddqn_per,0,39,24.033915768683585,0.0
ddqn_per,0,40,17.588676332347987,0.0
ddqn_per,0,41,17.74068160705219,0.0
ddqn_per,0,42,19.081939649530945,0.0
ddqn_per,0,43,22.870608295055604,0.0
ddqn_per,0,44,18.174679791883463,0.0
ddqn_per,0,45,20.13648598838068,0.0
ddqn_per,0,46,19.1863047337653,0.0
ddqn_per,0,47,17.64638581654443,0.0
ddqn_per,0,48,19.6796038539212,0.0
ddqn_per,0,49,18.880146060420092,0.0
ddqn_per,0,50,16.697779791883512,0.0
ddqn_per,0,51,20.634062923712307,0.0
ddqn_per,0,52,19.55162418628836,0.0
ddqn_per,0,53,20.27743789003905,0.0
ddqn_per,0,54,17.304285816519062,0.0
ddqn_per,0,55,20.223248655536867,0.0
ddqn_per,0,56,19.53300045830275,0.0
ddqn_per,0,57,16.985917098587464,0.0
ddqn_per,0,58,19.40380072461056,0.0
ddqn_per,0,59,17.308932135949647,0.0
ddqn_per,0,60,19.04372501277244,0.0
ddqn_per,0,61,20.6568451101124,0.0
ddqn_per,0,62,18.665966371337504,0.0
ddqn_per,0,63,17.800499792133294,0.0
ddqn_per,0,64,20.70686614977636,0.0
ddqn_per,0,65,20.221358153601297,0.0
ddqn_per,0,66,18.768038712573983,0.0
ddqn_per,0,67,18.811437670805027,0.0
ddqn_per,0,68,19.60820540415955,0.0
ddqn_per,0,69,16.65967979188374,0.0
ddqn_per,0,70,18.055559791884924,0.0
ddqn_per,0,71,17.315723963514273,0.0
ddqn_per,0,72,22.331386169047704,0.0
ddqn_per,0,73,24.59468706428011,0.0
ddqn_per,0,74,28.79848482286885,0.0
ddqn_per,0,75,30.976839252388597,0.0
ddqn_per,0,76,31.185798374134706,0.0
ddqn_per,0,77,28.20626412590948,0.0
ddqn_per,0,78,24.16139420245603,0.0
ddqn_per,0,79,22.57084839316329,0.0
ddqn_per,0,80,24.24244572852215,0.0
ddqn_per,0,81,28.382643645793728,0.0
ddqn_per,0,82,30.36508182010975,0.0
ddqn_per,0,83,33.75468399408318,0.0
ddqn_per,0,84,31.063232125359875,0.0
ddqn_per,0,85,32.223832312922525,0.0
ddqn_per,0,86,32.46625382157766,0.0
ddqn_per,0,87,33.75052121499563,0.0
ddqn_per,0,88,32.80631812406205,0.0
ddqn_per,0,89,29.46409384168876,0.0
ddqn_per,0,90,31.17340575959561,0.0
ddqn_per,0,91,31.469139554447978,0.0
ddqn_per,0,92,28.893490268820997,0.0
ddqn_per,0,93,27.27651607513813,0.0
ddqn_per,0,94,28.843705040908205,0.0
ddqn_per,0,95,29.936470516807905,0.0
ddqn_per,0,96,31.883560996431942,0.0
ddqn_per,0,97,32.78981174136074,0.0
ddqn_per,0,98,35.23132396154368,0.0
ddqn_per,0,99,35.23029416696407,0.0
ddqn_per,0,100,33.92589270708497,0.0
ddqn_per,0,101,37.02497412631408,0.0
ddqn_per,0,102,34.76929557305488,0.0
ddqn_per,0,103,33.54355704285246,0.0
ddqn_per,0,104,32.419373850306165,0.0
ddqn_per,0,105,32.28921447097262,0.0
ddqn_per,0,106,33.75117678473646,0.0
ddqn_per,0,107,32.22037352616276,0.0
ddqn_per,0,108,32.11853623576477,0.0
ddqn_per,0,109,27.228590635875754,0.0
ddqn_per,0,110,23.98891594246607,0.0
ddqn_per,0,111,23.636791789397925,0.0
ddqn_per,0,112,29.018072135742276,0.0
ddqn_per,0,113,27.682436893137776,0.0
ddqn_per,0,114,33.098371535213566,0.0
ddqn_per,0,115,26.053384179224587,0.0
ddqn_per,0,116,31.858102595037124,0.0
ddqn_per,0,117,34.95557703103624,0.0
ddqn_per,0,118,35.27246020440967,0.0
ddqn_per,0,119,35.996184240995575,0.0
ddqn_per,1,0,45.15861532167647,0.0
ddqn_per,1,1,42.79415149498398,0.0
ddqn_per,1,2,-6.771810175995169,0.0
ddqn_per,1,3,5.61747869995293,0.0
ddqn_per,1,4,125.98947026702491,1.0
ddqn_per,1,5,-7.947121575517539,0.0
ddqn_per,1,6,-10.187147915006854,0.0
ddqn_per,1,7,-7.79472383842473,0.0
ddqn_per,1,8,159.4724704280775,1.0
ddqn_per,1,9,33.268829776169746,0.0
ddqn_per,1,10,42.907586247325,0.0
ddqn_per,1,11,37.71462498954548,0.0
ddqn_per,1,12,27.37572477458059,0.0
ddqn_per,1,13,38.59818593643436,0.0
ddqn_per,1,14,37.43631318605044,0.0
ddqn_per,1,15,29.910580589867564,0.0
ddqn_per,1,16,23.681214391081586,0.0
ddqn_per,1,17,19.492825342252143,0.0
ddqn_per,1,18,42.579671789391405,0.0
ddqn_per,1,19,41.01010879627363,0.0
ddqn_per,1,20,39.23663811525519,0.0
ddqn_per,1,21,43.00918947723163,0.0
ddqn_per,1,22,33.32116518897274,0.0
ddqn_per,1,23,33.949430171404146,0.0
ddqn_per,1,24,25.694997803885563,0.0
ddqn_per,1,25,33.46502500470815,0.0
ddqn_per,1,26,25.41710472682665,0.0
ddqn_per,1,27,25.49600026502473,0.0
ddqn_per,1,28,38.76953421835103,0.0
ddqn_per,1,29,24.87152417074964,0.0
ddqn_per,1,30,25.731617922471287,0.0
ddqn_per,1,31,37.63292202152639,0.0
ddqn_per,1,32,41.77050928957889,0.0
ddqn_per,1,33,19.59247501541557,0.0
ddqn_per,1,34,19.492700640145245,0.0
ddqn_per,1,35,22.7587259496006,0.0
ddqn_per,1,36,21.241144716602825,0.0
ddqn_per,1,37,19.852158437868752,0.0
ddqn_per,1,38,19.38750064034012,0.0
ddqn_per,1,39,20.929164016888315,0.0
ddqn_per,1,40,43.683657101354825,0.0
ddqn_per,1,41,39.68669959987508,0.0
ddqn_per,1,42,24.760416220294225,0.0
ddqn_per,1,43,19.492700640145245,0.0
ddqn_per,1,44,19.492700640145245,0.0
ddqn_per,1,45,23.11658899192495,0.0
ddqn_per,1,46,20.21173605316384,0.0
ddqn_per,1,47,19.74569689318216,0.0
ddqn_per,1,48,27.139719538547304,0.0
ddqn_per,1,49,20.97054929259437,0.0
ddqn_per,1,50,19.511260634291894,0.0
ddqn_per,1,51,19.492700640145245,0.0
ddqn_per,1,52,25.603460265072,0.0
ddqn_per,1,53,31.439648404544776,0.0
ddqn_per,1,54,22.88326112379236,0.0
ddqn_per,1,55,19.47480064031345,0.0
ddqn_per,1,56,19.492700640145245,0.0
ddqn_per,1,57,16.67917979188342,0.0
ddqn_per,1,58,20.959860634349745,0.0
ddqn_per,1,59,19.492700640145245,0.0
ddqn_per,1,60,41.99894307202831,0.0
ddqn_per,1,61,19.17242009636194,0.0
ddqn_per,1,62,20.86900611256403,0.0
ddqn_per,1,63,19.492700640145245,0.0
ddqn_per,1,64,20.21365006087069,0.0
ddqn_per,1,65,19.492700640145245,0.0
ddqn_per,1,66,20.13576875440625,0.0
ddqn_per,1,67,23.131775693309173,0.0
ddqn_per,1,68,21.98099432880713,0.0
ddqn_per,1,69,19.47426401684348,0.0
ddqn_per,1,70,19.492700640145245,0.0
ddqn_per,1,71,19.31533899855776,0.0
ddqn_per,1,72,19.24466614538119,0.0
ddqn_per,1,73,19.492700640145245,0.0
ddqn_per,1,74,19.43620064021361,0.0
ddqn_per,1,75,20.23238322671488,0.0
ddqn_per,1,76,19.18190064015141,0.0
ddqn_per,1,77,19.492700640145245,0.0
ddqn_per,1,78,19.171164697414557,0.0
ddqn_per,1,79,19.39740064014528,0.0
ddqn_per,1,80,19.493164016841668,0.0
ddqn_per,1,81,19.306438998700663,0.0
ddqn_per,1,82,21.973959918868445,0.0
ddqn_per,1,83,19.492700640145245,0.0
ddqn_per,1,84,19.492700640145245,0.0
ddqn_per,1,85,19.492700640145223,0.0
ddqn_per,1,86,21.95543629558491,0.0
ddqn_per,1,87,22.06632933127392,0.0
ddqn_per,1,88,18.2217290516342,0.0
ddqn_per,1,89,18.91878829948917,0.0
ddqn_per,1,90,19.492700640145245,0.0
ddqn_per,1,91,21.95300418584457,0.0
ddqn_per,1,92,19.460164016842988,0.0
ddqn_per,1,93,19.492700640145245,0.0
ddqn_per,1,94,24.178314564465857,0.0
ddqn_per,1,95,26.515819116359943,0.0
ddqn_per,1,96,17.84411979188846,0.0
ddqn_per,1,97,17.816665935141074,0.0
ddqn_per,1,98,42.35690032028021,0.0
ddqn_per,1,99,19.23267920715744,0.0
ddqn_per,1,100,30.61043406884111,0.0
ddqn_per,1,101,27.350970144996616,0.0
ddqn_per,1,102,21.11926471660269,0.0
ddqn_per,1,103,26.90541725142598,0.0
ddqn_per,1,104,22.621244716677147,0.0
ddqn_per,1,105,17.597941607057265,0.0
ddqn_per,1,106,17.796606117695134,0.0
ddqn_per,1,107,23.907064462353297,0.0
ddqn_per,1,108,21.11829577169835,0.0
ddqn_per,1,109,22.628166126506784,0.0
ddqn_per,1,110,16.67917979188342,0.0
ddqn_per,1,111,19.28667661343376,0.0
ddqn_per,1,112,17.93415667955604,0.0
ddqn_per,1,113,24.43465252322656,0.0
ddqn_per,1,114,29.67687985858393,0.0
ddqn_per,1,115,35.589212665910416,0.0
ddqn_per,1,116,28.22887356637603,0.0
ddqn_per,1,117,29.7533999544252,0.0
ddqn_per,1,118,43.1039126093992,0.0
ddqn_per,1,119,43.676844846801096,0.0
ddqn_per,2,0,39.97101130039181,0.0
ddqn_per,2,1,37.33665710841385,0.0
ddqn_per,2,2,-7.535082808481693,0.0
ddqn_per,2,3,62.14621162019988,0.0
ddqn_per,2,4,34.80024693140264,0.0
ddqn_per,2,5,49.42668998214934,0.0
ddqn_per,2,6,37.39661379721098,0.0
ddqn_per,2,7,25.989814350326576,0.0
ddqn_per,2,8,23.376235459214666,0.0
ddqn_per,2,9,26.22167647726534,0.0
ddqn_per,2,10,31.637927802684917,0.0
ddqn_per,2,11,26.32328870647444,0.0
ddqn_per,2,12,17.212265817035508,0.0
ddqn_per,2,13,22.364058656132972,0.0
ddqn_per,2,14,26.59102992997103,0.0
ddqn_per,2,15,20.733841196951268,0.0
ddqn_per,2,16,25.256706223420963,0.0
ddqn_per,2,17,27.77539665806404,0.0
ddqn_per,2,18,28.35204083661993,0.0
ddqn_per,2,19,29.116625613055238,0.0
ddqn_per,2,20,23.36228535322985,0.0
ddqn_per,2,21,19.692494507603584,0.0
ddqn_per,2,22,18.275080178139262,0.0
ddqn_per,2,23,18.954791774853405,0.0
ddqn_per,2,24,19.23899244392592,0.0
ddqn_per,2,25,18.66605149608209,0.0
ddqn_per,2,26,28.270794512355412,0.0
ddqn_per,2,27,18.648188425347115,0.0
ddqn_per,2,28,18.45725877735058,0.0
ddqn_per,2,29,20.22690191498757,0.0
ddqn_per,2,30,25.62754363454399,0.0
ddqn_per,2,31,28.303830935780702,0.0
ddqn_per,2,32,18.16717979188354,0.0
ddqn_per,2,33,25.5947787256941,0.0
ddqn_per,2,34,25.149673503928405,0.0
ddqn_per,2,35,25.97882835766184,0.0
ddqn_per,2,36,18.69596765118689,0.0
ddqn_per,2,37,18.75000842534716,0.0
ddqn_per,2,38,18.43066354213141,0.0
ddqn_per,2,39,20.85494046824264,0.0
ddqn_per,2,40,21.075020643746555,0.0
ddqn_per,2,41,24.78645178317275,0.0
ddqn_per,2,42,21.94522987674037,0.0
ddqn_per,2,43,27.757114786677967,0.0
ddqn_per,2,44,21.192477494216845,0.0
ddqn_per,2,45,17.223277917975274,0.0
ddqn_per,2,46,19.602691635929475,0.0
ddqn_per,2,47,18.07251979188343,0.0
ddqn_per,2,48,21.7965542936833,0.0
ddqn_per,2,49,18.21272905163427,0.0
ddqn_per,2,50,22.07890718798689,0.0
ddqn_per,2,51,19.61904878932201,0.0
ddqn_per,2,52,23.28676730815904,0.0
ddqn_per,2,53,17.19633213581153,0.0
ddqn_per,2,54,19.360110350590737,0.0
ddqn_per,2,55,19.2088747263558,0.0
ddqn_per,2,56,26.0519137505572,0.0
ddqn_per,2,57,18.049179791885784,0.0
ddqn_per,2,58,19.22703979188468,0.0
ddqn_per,2,59,20.276087652326424,0.0
ddqn_per,2,60,19.11660461028965,0.0
ddqn_per,2,61,17.846019791883336,0.0
ddqn_per,2,62,17.95281979188337,0.0
ddqn_per,2,63,18.96143430360816,0.0
ddqn_per,2,64,17.641785816519146,0.0
ddqn_per,2,65,18.22982745065267,0.0
ddqn_per,2,66,19.4165360160342,0.0
ddqn_per,2,67,18.196231860999816,0.0
ddqn_per,2,68,21.088231325201363,0.0
ddqn_per,2,69,21.7912561695038,0.0
ddqn_per,2,70,28.76955566816504,0.0
ddqn_per,2,71,25.29748964093897,0.0
ddqn_per,2,72,16.493464850347046,0.0
ddqn_per,2,73,27.81400899591182,0.0
ddqn_per,2,74,27.378094993575573,0.0
ddqn_per,2,75,23.9492151592148,0.0
ddqn_per,2,76,20.87161540274916,0.0
ddqn_per,2,77,22.207572780682845,0.0
ddqn_per,2,78,24.808597860943976,0.0
ddqn_per,2,79,25.49903481091376,0.0
ddqn_per,2,80,25.513706138032347,0.0
ddqn_per,2,81,24.94641386515962,0.0
ddqn_per,2,82,24.784053836345336,0.0
ddqn_per,2,83,26.52891218604257,0.0
ddqn_per,2,84,26.603656371368345,0.0
ddqn_per,2,85,24.41801894859274,0.0
ddqn_per,2,86,20.622975102264757,0.0
ddqn_per,2,87,21.263500577525832,0.0
ddqn_per,2,88,25.324856344768257,0.0
ddqn_per,2,89,25.214508401175785,0.0
ddqn_per,2,90,29.52510965346726,0.0
ddqn_per,2,91,32.857979739805884,0.0
ddqn_per,2,92,29.86150376636889,0.0
ddqn_per,2,93,33.05746396444889,0.0
ddqn_per,2,94,32.97354497277582,0.0
ddqn_per,2,95,27.63550745108771,0.0
ddqn_per,2,96,22.544922816728565,0.0
ddqn_per,2,97,21.863811878242597,0.0
ddqn_per,2,98,27.807709774162184,0.0
ddqn_per,2,99,27.215159189150494,0.0
ddqn_per,2,100,17.638980839727125,0.0
ddqn_per,2,101,21.482960478039217,0.0
ddqn_per,2,102,25.457453653625528,0.0
ddqn_per,2,103,23.29378457654703,0.0
ddqn_per,2,104,25.49136051886561,0.0
ddqn_per,2,105,28.87565709716105,0.0
ddqn_per,2,106,29.97994721762702,0.0
ddqn_per,2,107,31.14198628251303,0.0
ddqn_per,2,108,20.543741743767413,0.0
ddqn_per,2,109,26.21062094618677,0.0
ddqn_per,2,110,28.49942105388478,0.0
ddqn_per,2,111,127.22860499143748,1.0
ddqn_per,2,112,96.89922913342684,0.0
ddqn_per,2,113,96.31950762860193,0.0
ddqn_per,2,114,91.24884088937507,0.0
ddqn_per,2,115,123.50921767152111,1.0
ddqn_per,2,116,27.692172849340785,0.0
ddqn_per,2,117,20.52134364098877,0.0
ddqn_per,2,118,138.87067143109527,1.0
ddqn_per,2,119,83.24041274637935,0.0
dueling,0,0,40.25100547644029,0.0
dueling,0,1,3.8560206593457895,0.0
dueling,0,2,-6.392350807000227,0.0
dueling,0,3,32.51377872785477,0.0
dueling,0,4,107.94859147051832,0.0
dueling,0,5,35.42364057412304,0.0
dueling,0,6,39.292372223358846,0.0
dueling,0,7,32.451342041673726,0.0
dueling,0,8,30.44284551133942,0.0
dueling,0,9,32.01485653602796,0.0
dueling,0,10,24.12097466343426,0.0
dueling,0,11,19.19593350269558,0.0
dueling,0,12,21.69296910663513,0.0
dueling,0,13,25.79160857714717,0.0
dueling,0,14,32.8341437730383,0.0
dueling,0,15,27.05592016747362,0.0
dueling,0,16,16.67777979192931,0.0
dueling,0,17,20.473330813540564,0.0
dueling,0,18,26.3381495504104,0.0
dueling,0,19,17.75020611776184,0.0
dueling,0,20,20.183710290758405,0.0
dueling,0,21,21.4954473455894,0.0
dueling,0,22,22.80262159522151,0.0
dueling,0,23,20.706123022215152,0.0
dueling,0,24,22.47692441564245,0.0
dueling,0,25,27.93577063945825,0.0
dueling,0,26,19.50050826421269,0.0
dueling,0,27,19.43183666158039,0.0
dueling,0,28,20.874272594854983,0.0
dueling,0,29,24.69148260187977,0.0
dueling,0,30,18.17573186100817,0.0
dueling,0,31,18.0914646102898,0.0
dueling,0,32,29.284789504970405,0.0
dueling,0,33,16.6962797918836,0.0
dueling,0,34,20.95169080119552,0.0
dueling,0,35,19.857978730014388,0.0
dueling,0,36,25.01099589226743,0.0
dueling,0,37,24.984870462249667,0.0
dueling,0,38,22.7244852770492,0.0
dueling,0,39,16.69717979188372,0.0
dueling,0,40,17.988739791884058,0.0
dueling,0,41,18.816099756623576,0.0
dueling,0,42,25.853738578880865,0.0
dueling,0,43,24.5458152477716,0.0
dueling,0,44,19.159054726286065,0.0
dueling,0,45,20.72610946193219,0.0
dueling,0,46,17.436542836326126,0.0
dueling,0,47,16.67917979188342,0.0
dueling,0,48,18.07251979188343,0.0
dueling,0,49,18.186779791894917,0.0
dueling,0,50,16.697179791883485,0.0
dueling,0,51,19.330220640213632,0.0
dueling,0,52,17.73340817631219,0.0
dueling,0,53,20.148131970589557,0.0
dueling,0,54,16.67917979188342,0.0
dueling,0,55,21.44189535170463,0.0
dueling,0,56,18.174679791883463,0.0
dueling,0,57,18.331972523380596,0.0
dueling,0,58,18.484003963688394,0.0
dueling,0,59,19.215759791883364,0.0
dueling,0,60,25.250332294156276,0.0
dueling,0,61,19.34592047113729,0.0
dueling,0,62,17.986549791883483,0.0
dueling,0,63,17.58128581657447,0.0
dueling,0,64,17.108372135811265,0.0
dueling,0,65,18.905648176319424,0.0
dueling,0,66,20.30215272629188,0.0
dueling,0,67,19.78708842534672,0.0
dueling,0,68,21.86752921961218,0.0
dueling,0,69,20.77102442620845,0.0
dueling,0,70,24.600640557618284,0.0
dueling,0,71,25.635168920130347,0.0
dueling,0,72,22.92594541358168,0.0
dueling,0,73,23.805513430304487,0.0
dueling,0,74,25.81632213342792,0.0
dueling,0,75,25.477919649218613,0.0
dueling,0,76,26.41531947840784,0.0
dueling,0,77,26.58210080985397,0.0
dueling,0,78,32.196309703524165,0.0
dueling,0,79,32.19391566459735,0.0
dueling,0,80,36.89010052063915,0.0
dueling,0,81,36.09439122848903,0.0
dueling,0,82,34.11109342542755,0.0
dueling,0,83,32.817927688437734,0.0
dueling,0,84,29.30399783686559,0.0
dueling,0,85,31.17561480918863,0.0
dueling,0,86,32.314074998063965,0.0
dueling,0,87,31.40806625829372,0.0
dueling,0,88,31.210794479963127,0.0
dueling,0,89,31.15630670882924,0.0
dueling,0,90,28.113089308601985,0.0
dueling,0,91,28.917916288861385,0.0
dueling,0,92,33.82524490905366,0.0
dueling,0,93,31.901505922563423,0.0
dueling,0,94,36.67739912182939,0.0
dueling,0,95,35.96840682120866,0.0
dueling,0,96,34.09742572791846,0.0
dueling,0,97,34.19445832969294,0.0
dueling,0,98,36.36774476950645,0.0
dueling,0,99,36.08002666525231,0.0
dueling,0,100,33.87662755373708,0.0
dueling,0,101,35.06129345045053,0.0
dueling,0,102,38.81442947818717,0.0
dueling,0,103,36.748063900950775,0.0
dueling,0,104,34.33294538706536,0.0
dueling,0,105,26.01334041240768,0.0
dueling,0,106,27.09218733042686,0.0
dueling,0,107,30.290088602169615,0.0
dueling,0,108,32.34519755852745,0.0
dueling,0,109,32.898674381810515,0.0
dueling,0,110,32.12446745254589,0.0
dueling,0,111,33.46133853016821,0.0
dueling,0,112,35.60429529839784,0.0
dueling,0,113,37.09058075452124,0.0
dueling,0,114,36.589670130765874,0.0
dueling,0,115,34.2183884883607,0.0
dueling,0,116,37.722327349668205,0.0
dueling,0,117,38.26358397243602,0.0
dueling,0,118,36.217968351449485,0.0
dueling,0,119,161.84963380341534,1.0
dueling,1,0,22.967663482858036,0.0
dueling,1,1,37.2494743384293,0.0
dueling,1,2,82.96828597540988,0.0
dueling,1,3,29.8896844211463,0.0
dueling,1,4,36.20331523627767,0.0
dueling,1,5,43.325254917118166,0.0
dueling,1,6,21.88117238459232,0.0
dueling,1,7,37.42613117009904,0.0
dueling,1,8,22.79609522490116,0.0
dueling,1,9,23.964295427324046,0.0
dueling,1,10,27.21174030373043,0.0
dueling,1,11,20.856420231981964,0.0
dueling,1,12,32.5048708067157,0.0
dueling,1,13,32.33875600175835,0.0
dueling,1,14,31.864144139594828,0.0
dueling,1,15,27.111454806991027,0.0
dueling,1,16,26.928369615582987,0.0
dueling,1,17,19.41192047114132,0.0
dueling,1,18,27.73949600738635,0.0
dueling,1,19,17.690546117696663,0.0
dueling,1,20,23.615996341486905,0.0
dueling,1,21,25.44121737935117,0.0
dueling,1,22,20.28019488526907,0.0
dueling,1,23,27.78272979920965,0.0
dueling,1,24,23.988704865822832,0.0
dueling,1,25,23.376725046045134,0.0
dueling,1,26,25.11535160552519,0.0
dueling,1,27,31.59156606410432,0.0
dueling,1,28,23.343853554799782,0.0
dueling,1,29,20.434169226640257,0.0
dueling,1,30,24.77079097079516,0.0
dueling,1,31,20.189387239644084,0.0
dueling,1,32,21.694381871151517,0.0
dueling,1,33,20.80034092219132,0.0
dueling,1,34,21.23474582787601,0.0
dueling,1,35,20.27513488526877,0.0
dueling,1,36,24.958708527612963,0.0
dueling,1,37,20.46744633480696,0.0
dueling,1,38,20.04970821241624,0.0
dueling,1,39,17.344322318637822,0.0
dueling,1,40,20.96719005457713,0.0
dueling,1,41,21.944335777431935,0.0
dueling,1,42,25.13030372044457,0.0
dueling,1,43,18.68919618406382,0.0
dueling,1,44,22.39629999992666,0.0
dueling,1,45,23.544922348803084,0.0
dueling,1,46,20.792438416019145,0.0
dueling,1,47,22.68619705471015,0.0
dueling,1,48,18.87329934384925,0.0
dueling,1,49,19.022357051585978,0.0
dueling,1,50,18.608495438354424,0.0
dueling,1,51,18.74989483684992,0.0
dueling,1,52,17.343553350900553,0.0
dueling,1,53,18.993635150712137,0.0
dueling,1,54,19.308400640214074,0.0
dueling,1,55,17.33750349607528,0.0
dueling,1,56,24.2409961390918,0.0
dueling,1,57,17.0828484462904,0.0
dueling,1,58,18.17801107389128,0.0
dueling,1,59,16.593829521053344,0.0
dueling,1,60,16.575210120774223,0.0
dueling,1,61,17.330144886184314,0.0
dueling,1,62,23.93674381632308,0.0
dueling,1,63,18.06696079110653,0.0
dueling,1,64,21.278625439130742,0.0
dueling,1,65,20.53653984010845,0.0
dueling,1,66,17.681778091137296,0.0
dueling,1,67,17.412900376363282,0.0
dueling,1,68,17.933448296294067,0.0
dueling,1,69,19.26295293836018,0.0
dueling,1,70,16.991672842333557,0.0
dueling,1,71,18.032457763294403,0.0
dueling,1,72,16.959696287389434,0.0
dueling,1,73,22.41776804569929,0.0
dueling,1,74,23.26990327248077,0.0
dueling,1,75,16.959696287389413,0.0
dueling,1,76,17.412900376363282,0.0
dueling,1,77,21.590401681447368,0.0
dueling,1,78,17.55783119065613,0.0
dueling,1,79,16.95844366030304,0.0
dueling,1,80,17.412900376363282,0.0
dueling,1,81,19.27288961618176,0.0
dueling,1,82,20.574266972021192,0.0
dueling,1,83,20.6266249876427,0.0
dueling,1,84,21.50724652809889,0.0
dueling,1,85,22.131182733001737,0.0
dueling,1,86,26.402860375725524,0.0
dueling,1,87,26.221267926146865,0.0
dueling,1,88,25.857859725850787,0.0
dueling,1,89,26.8810714926763,0.0
dueling,1,90,23.327532536244227,0.0
dueling,1,91,23.277429694704477,0.0
dueling,1,92,21.246672057603504,0.0
dueling,1,93,26.24688440213261,0.0
dueling,1,94,25.30272787642776,0.0
dueling,1,95,27.05971396012401,0.0
dueling,1,96,26.717339102461708,0.0
dueling,1,97,26.97944594170834,0.0
dueling,1,98,28.529611004888277,0.0
dueling,1,99,27.761511876466265,0.0
dueling,1,100,27.608603075791315,0.0
dueling,1,101,24.253189651247794,0.0
dueling,1,102,28.663512253110383,0.0
dueling,1,103,28.358569756680183,0.0
dueling,1,104,30.4765060149316,0.0
dueling,1,105,30.743456962930463,0.0
dueling,1,106,30.92806197919024,0.0
dueling,1,107,28.125908985145458,0.0
dueling,1,108,26.755953294946643,0.0
dueling,1,109,29.366511238068504,0.0
dueling,1,110,31.19743427647027,0.0
dueling,1,111,33.13843618093255,0.0
dueling,1,112,31.162856432158076,0.0
dueling,1,113,30.10454870474006,0.0
dueling,1,114,34.546564316911706,0.0
dueling,1,115,34.00628264720336,0.0
dueling,1,116,32.62647239930518,0.0
dueling,1,117,34.977620646764755,0.0
dueling,1,118,36.166283405798005,0.0
dueling,1,119,33.47971566632751,0.0
dueling,2,0,-1.8467434282309012,0.0
dueling,2,1,1.913164606454876,0.0
dueling,2,2,93.38981489688688,0.0
dueling,2,3,147.13213512910977,1.0
dueling,2,4,34.13331673400557,0.0
dueling,2,5,41.03081423732692,0.0
dueling,2,6,34.7010050827638,0.0
dueling,2,7,32.32366667425268,0.0
dueling,2,8,23.78520315079642,0.0
dueling,2,9,27.92518386113044,0.0
dueling,2,10,33.73524901486069,0.0
dueling,2,11,41.89123381104382,0.0
dueling,2,12,23.97435850572484,0.0
dueling,2,13,22.67149835411364,0.0
dueling,2,14,22.256613587614037,0.0
dueling,2,15,36.700082484523314,0.0
dueling,2,16,24.37912996450644,0.0
dueling,2,17,42.88308965931258,0.0
dueling,2,18,33.93953633005911,0.0
dueling,2,19,30.48229242175431,0.0
dueling,2,20,27.80291872576995,0.0
dueling,2,21,25.83883427567197,0.0
dueling,2,22,24.880332821086743,0.0
dueling,2,23,29.839091573295786,0.0
dueling,2,24,28.973993677529663,0.0
dueling,2,25,37.42267998810606,0.0
dueling,2,26,18.75573096309905,0.0
dueling,2,27,21.864340468239902,0.0
dueling,2,28,30.93928869979257,0.0
dueling,2,29,22.3363275873403,0.0
dueling,2,30,24.9437135635396,0.0
dueling,2,31,20.210471219886976,0.0
dueling,2,32,19.27131451940865,0.0
dueling,2,33,28.7510334264628,0.0
dueling,2,34,31.6679024143061,0.0
dueling,2,35,123.88662798105037,1.0
dueling,2,36,26.093811946117867,0.0
dueling,2,37,35.68643702810722,0.0
dueling,2,38,28.428944701782825,0.0
dueling,2,39,32.277934146928885,0.0
dueling,2,40,24.793318604815678,0.0
dueling,2,41,29.705322020482463,0.0
dueling,2,42,28.800015360490228,0.0
dueling,2,43,33.51473321505238,0.0
dueling,2,44,40.784593763218346,0.0
dueling,2,45,31.521275507766816,0.0
dueling,2,46,19.97730418303113,0.0
dueling,2,47,20.384584507394727,0.0
dueling,2,48,22.079463022214615,0.0
dueling,2,49,25.88422041937399,0.0
dueling,2,50,23.107953748527574,0.0
dueling,2,51,30.949906912976417,0.0
dueling,2,52,31.936504377013197,0.0
dueling,2,53,29.058758351944448,0.0
dueling,2,54,27.249240333172807,0.0
dueling,2,55,26.044915739853607,0.0
dueling,2,56,28.819759729586004,0.0
dueling,2,57,26.852444706587832,0.0
dueling,2,58,24.675473701085792,0.0
dueling,2,59,25.69073474054688,0.0
dueling,2,60,27.61864577828019,0.0
dueling,2,61,26.06771194611773,0.0
dueling,2,62,34.662645243026056,0.0
dueling,2,63,36.00147273664231,0.0
dueling,2,64,31.43281795689552,0.0
dueling,2,65,27.94520605641716,0.0
dueling,2,66,34.38631570983499,0.0
dueling,2,67,29.547744580000384,0.0
dueling,2,68,28.85058947026326,0.0
dueling,2,69,22.77791904972466,0.0
dueling,2,70,23.661906009677445,0.0
dueling,2,71,25.195264710613078,0.0
dueling,2,72,30.98678371256009,0.0
dueling,2,73,29.38986654992276,0.0
dueling,2,74,30.05552809056229,0.0
dueling,2,75,34.552604405282395,0.0
dueling,2,76,32.2721586767975,0.0
dueling,2,77,35.20327025300416,0.0
dueling,2,78,28.454888583087765,0.0
dueling,2,79,31.49579512626665,0.0
dueling,2,80,35.319824289748205,0.0
dueling,2,81,36.18206370088352,0.0
dueling,2,82,32.68335809914983,0.0
dueling,2,83,35.50461799842506,0.0
dueling,2,84,37.29134718352731,0.0
dueling,2,85,38.312660810037386,0.0
dueling,2,86,37.70682090128919,0.0
dueling,2,87,34.45649183442604,0.0
dueling,2,88,39.04644268810125,0.0
dueling,2,89,30.239109562646284,0.0
dueling,2,90,38.9031928285245,0.0
dueling,2,91,36.77280175702465,0.0
dueling,2,92,40.0906706009409,0.0
dueling,2,93,41.57628385014488,0.0
dueling,2,94,36.62832772208462,0.0
dueling,2,95,40.36288195737283,0.0
dueling,2,96,39.143346499366594,0.0
dueling,2,97,34.006688441384725,0.0
dueling,2,98,36.51976339543489,0.0
dueling,2,99,37.45240033807146,0.0
dueling,2,100,38.12928972011738,0.0
dueling,2,101,137.39087467830467,1.0
dueling,2,102,33.70674428170074,0.0
dueling,2,103,35.127775663510896,0.0
dueling,2,104,37.38903629747199,0.0
dueling,2,105,38.312354218371,0.0
dueling,2,106,37.58473723866283,0.0
dueling,2,107,37.84099734183176,0.0
dueling,2,108,31.753900537573674,0.0
dueling,2,109,37.35207536332377,0.0
dueling,2,110,38.22371938065726,0.0
dueling,2,111,36.49839659916335,0.0
dueling,2,112,37.28708722199795,0.0
dueling,2,113,37.09159080449412,0.0
dueling,2,114,38.17144622117285,0.0
dueling,2,115,39.59364118181711,0.0
dueling,2,116,134.33497564168692,1.0
dueling,2,117,35.340479490036195,0.0
dueling,2,118,144.6463761129299,1.0
dueling,2,119,37.110590714696905,0.0
dueling_per,0,0,-7.600812029920055,0.0
dueling_per,0,1,-9.075311691356308,0.0
dueling_per,0,2,61.666178516426086,0.0
dueling_per,0,3,100.97263549558296,0.0
dueling_per,0,4,27.33783638608847,0.0
dueling_per,0,5,34.5416933602343,0.0
dueling_per,0,6,27.778750526099465,0.0
dueling_per,0,7,29.057208985387305,0.0
dueling_per,0,8,36.7147249467604,0.0
dueling_per,0,9,23.733960359365376,0.0
dueling_per,0,10,19.371023339199155,0.0
dueling_per,0,11,28.20725814372087,0.0
dueling_per,0,12,33.15541781988075,0.0
dueling_per,0,13,27.437652464422264,0.0
dueling_per,0,14,32.85430585585963,0.0
dueling_per,0,15,32.32230896108674,0.0
dueling_per,0,16,28.63191462841764,0.0
dueling_per,0,17,21.92665608779957,0.0
dueling_per,0,18,29.21351709981264,0.0
dueling_per,0,19,25.093429590293766,0.0
dueling_per,0,20,23.11150161664257,0.0
dueling_per,0,21,18.783899635165252,0.0
dueling_per,0,22,19.128314532650972,0.0
dueling_per,0,23,37.35521109089953,0.0
dueling_per,0,24,19.2611079171973,0.0
dueling_per,0,25,17.83848756909571,0.0
dueling_per,0,26,23.338972239310465,0.0
dueling_per,0,27,21.056768593301925,0.0
dueling_per,0,28,22.07071193671714,0.0
dueling_per,0,29,20.64542921947561,0.0
dueling_per,0,30,29.329509298985244,0.0
dueling_per,0,31,27.64382641983305,0.0
dueling_per,0,32,19.785204346740684,0.0
dueling_per,0,33,21.682873055457176,0.0
dueling_per,0,34,20.95666754285948,0.0
dueling_per,0,35,17.543375847446683,0.0
dueling_per,0,36,16.612459791884618,0.0
dueling_per,0,37,17.92466593514478,0.0
dueling_per,0,38,17.96610611770791,0.0
dueling_per,0,39,18.86561583578585,0.0
dueling_per,0,40,17.64174817631197,0.0
dueling_per,0,41,19.62971304295162,0.0
dueling_per,0,42,18.897630525271506,0.0
dueling_per,0,43,17.951039791884703,0.0
dueling_per,0,44,25.70895787663872,0.0
dueling_per,0,45,19.73380871234251,0.0
dueling_per,0,46,19.509940724603773,0.0
dueling_per,0,47,20.83515407104693,0.0
dueling_per,0,48,16.67917979188342,0.0
dueling_per,0,49,16.70827979188413,0.0
dueling_per,0,50,24.53714106336345,0.0
dueling_per,0,51,19.77516157087769,0.0
dueling_per,0,52,16.67917979188342,0.0
dueling_per,0,53,17.342723963513464,0.0
dueling_per,0,54,18.05515954764761,0.0
dueling_per,0,55,19.46883851378885,0.0
dueling_per,0,56,18.486006060775036,0.0
dueling_per,0,57,19.726941039173788,0.0
dueling_per,0,58,22.372177358210024,0.0
dueling_per,0,59,20.73080873119202,0.0
dueling_per,0,60,21.52260200792797,0.0
dueling_per,0,61,53.57807163216718,0.0
dueling_per,0,62,175.98829007631815,1.0
dueling_per,0,63,17.06384311037837,0.0
dueling_per,0,64,106.69953388941344,1.0
dueling_per,0,65,13.822193598396677,0.0
dueling_per,0,66,17.89252639336245,0.0
dueling_per,0,67,28.6373629408302,0.0
dueling_per,0,68,23.4956802264978,0.0
dueling_per,0,69,31.870863970502825,0.0
dueling_per,0,70,22.69417574935408,0.0
dueling_per,0,71,23.09489597091484,0.0
dueling_per,0,72,28.89251042082538,0.0
dueling_per,0,73,28.56800919972359,0.0
dueling_per,0,74,27.82062607503029,0.0
dueling_per,0,75,24.35032886355332,0.0
dueling_per,0,76,17.258591324692905,0.0
dueling_per,0,77,18.511685615941023,0.0
dueling_per,0,78,32.15011171164295,0.0
dueling_per,0,79,32.76751847867212,0.0
dueling_per,0,80,19.83359450705018,0.0
dueling_per,0,81,16.375651789793842,0.0
dueling_per,0,82,18.334470192239024,0.0
dueling_per,0,83,26.975189897628454,0.0
dueling_per,0,84,29.9079638979856,0.0
dueling_per,0,85,28.04782124779753,0.0
dueling_per,0,86,25.93713559113705,0.0
dueling_per,0,87,18.47953405289857,0.0
dueling_per,0,88,31.154399969548614,0.0
dueling_per,0,89,16.158595292068227,0.0
dueling_per,0,90,30.92736009326338,0.0
dueling_per,0,91,32.42387546370959,0.0
dueling_per,0,92,19.43585229667292,0.0
dueling_per,0,93,17.39032138463174,0.0
dueling_per,0,94,17.788857578897627,0.0
dueling_per,0,95,17.597190887448534,0.0
dueling_per,0,96,23.123742379122376,0.0
dueling_per,0,97,16.250724754327813,0.0
dueling_per,0,98,34.987860069425935,0.0
dueling_per,0,99,18.92619173178881,0.0
dueling_per,0,100,15.654994445139376,0.0
dueling_per,0,101,17.150408652815727,0.0
dueling_per,0,102,18.114580573627716,0.0
dueling_per,0,103,17.863039404623258,0.0
dueling_per,0,104,28.56568634319809,0.0
dueling_per,0,105,18.04292115491653,0.0
dueling_per,0,106,19.27248899870559,0.0
dueling_per,0,107,27.06713764169791,0.0
dueling_per,0,108,26.312468982981702,0.0
dueling_per,0,109,32.735759521605665,0.0
dueling_per,0,110,27.910216469459744,0.0
dueling_per,0,111,5.873825482059568,0.0
dueling_per,0,112,21.161742603402065,0.0
dueling_per,0,113,16.72813560657859,0.0
dueling_per,0,114,12.77240915401384,0.0
dueling_per,0,115,30.313369786962376,0.0
dueling_per,0,116,17.038195957181955,0.0
dueling_per,0,117,19.765202680135744,0.0
dueling_per,0,118,24.838284183509025,0.0
dueling_per,0,119,14.685233664997616,0.0
dueling_per,1,0,49.05058704138752,0.0
dueling_per,1,1,9.816197400994612,0.0
dueling_per,1,2,-4.2966234060962325,0.0
dueling_per,1,3,9.619431993949297,0.0
dueling_per,1,4,-7.107680101898696,0.0
dueling_per,1,5,34.85196148654432,0.0
dueling_per,1,6,94.021172416008,0.0
dueling_per,1,7,27.2360107083508,0.0
dueling_per,1,8,29.361984403106614,0.0
dueling_per,1,9,28.097075952610048,0.0
dueling_per,1,10,20.576334271003876,0.0
dueling_per,1,11,24.587827667489293,0.0
dueling_per,1,12,33.126411635370616,0.0
dueling_per,1,13,37.8373159634854,0.0
dueling_per,1,14,23.85072653940097,0.0
dueling_per,1,15,21.4274397270676,0.0
dueling_per,1,16,17.6984197918865,0.0
dueling_per,1,17,20.274453456751765,0.0
dueling_per,1,18,26.78329876801161,0.0
dueling_per,1,19,21.866042028229977,0.0
dueling_per,1,20,23.082174323668525,0.0
dueling_per,1,21,24.325326980044103,0.0
dueling_per,1,22,24.76098828949345,0.0
dueling_per,1,23,19.62190933114134,0.0
dueling_per,1,24,23.689447063618346,0.0
dueling_per,1,25,19.47240064017888,0.0
dueling_per,1,26,30.200304390950528,0.0
dueling_per,1,27,24.678074478304865,0.0
dueling_per,1,28,20.068186584128767,0.0
dueling_per,1,29,18.122679791894,0.0
dueling_per,1,30,18.97005036447501,0.0
dueling_per,1,31,24.587832730319192,0.0
dueling_per,1,32,17.95332622527672,0.0
dueling_per,1,33,17.290845292461228,0.0
dueling_per,1,34,18.44279263999692,0.0
dueling_per,1,35,22.376685851231795,0.0
dueling_per,1,36,23.98589732658909,0.0
dueling_per,1,37,24.04036549695092,0.0
dueling_per,1,38,22.53130471188849,0.0
dueling_per,1,39,20.787769668129087,0.0
dueling_per,1,40,18.250256306643838,0.0
dueling_per,1,41,19.03727724660973,0.0
dueling_per,1,42,21.332932024031017,0.0
dueling_per,1,43,18.697814597923795,0.0
dueling_per,1,44,18.89916956761239,0.0
dueling_per,1,45,17.32920317100831,0.0
dueling_per,1,46,17.061148446217402,0.0
dueling_per,1,47,18.36311844621841,0.0
dueling_per,1,48,18.19713538630531,0.0
dueling_per,1,49,19.701256306715955,0.0
dueling_per,1,50,18.245633740395824,0.0
dueling_per,1,51,18.84575299256333,0.0
dueling_per,1,52,19.201789825257315,0.0
dueling_per,1,53,26.362536327159816,0.0
dueling_per,1,54,20.96664273921055,0.0
dueling_per,1,55,19.251520730711192,0.0
dueling_per,1,56,19.82183180258637,0.0
dueling_per,1,57,23.859138778540867,0.0
dueling_per,1,58,19.052258320925446,0.0
dueling_per,1,59,22.16508727600224,0.0
dueling_per,1,60,20.929813022732624,0.0
dueling_per,1,61,20.57875553958751,0.0
dueling_per,1,62,22.09059253368165,0.0
dueling_per,1,63,24.9530462742136,0.0
dueling_per,1,64,28.858464902961835,0.0
dueling_per,1,65,24.616848642360356,0.0
dueling_per,1,66,23.94364572140679,0.0
dueling_per,1,67,24.54052341272337,0.0
dueling_per,1,68,27.998789276608758,0.0
dueling_per,1,69,26.18142239007674,0.0
dueling_per,1,70,24.760520495037504,0.0
dueling_per,1,71,26.661356063908784,0.0
dueling_per,1,72,32.365805098595594,0.0
dueling_per,1,73,34.531212071658366,0.0
dueling_per,1,74,32.664895069801844,0.0
dueling_per,1,75,33.890259281741294,0.0
dueling_per,1,76,34.86408577325528,0.0
dueling_per,1,77,35.325594620606786,0.0
dueling_per,1,78,36.18335093085658,0.0
dueling_per,1,79,25.99649362062727,0.0
dueling_per,1,80,30.01840517418409,0.0
dueling_per,1,81,35.09628840668078,0.0
dueling_per,1,82,34.09556469231872,0.0
dueling_per,1,83,36.06323201974344,0.0
dueling_per,1,84,35.83677942068182,0.0
dueling_per,1,85,36.18467463037703,0.0
dueling_per,1,86,36.22713283158043,0.0
dueling_per,1,87,65.16082231401653,0.0
dueling_per,1,88,35.301397188429604,0.0
dueling_per,1,89,31.710310720443523,0.0
dueling_per,1,90,28.75958026443864,0.0
dueling_per,1,91,132.28655132388903,1.0
dueling_per,1,92,35.588220327270434,0.0
dueling_per,1,93,34.48725638706129,0.0
dueling_per,1,94,36.27909513706043,0.0
dueling_per,1,95,34.724290944820474,0.0
dueling_per,1,96,36.21921346507308,0.0
dueling_per,1,97,33.41854410014087,0.0
dueling_per,1,98,251.7956111375918,1.0
dueling_per,1,99,104.72614095668231,0.0
dueling_per,1,100,32.98421424680505,0.0
dueling_per,1,101,425.5232350755561,2.0
dueling_per,1,102,102.12244229654254,0.0
dueling_per,1,103,469.1627191032949,2.0
dueling_per,1,104,450.8030822027101,2.0
dueling_per,1,105,111.21285559582248,0.0
dueling_per,1,106,484.374788265395,2.0
dueling_per,1,107,107.36313829671444,0.0
dueling_per,1,108,24.170776859353666,0.0
dueling_per,1,109,109.40722656391524,0.0
dueling_per,1,110,6.132398082430514,0.0
dueling_per,1,111,110.01620102602564,0.0
dueling_per,1,112,-0.3864582540463868,0.0
dueling_per,1,113,130.6295318680699,1.0
dueling_per,1,114,110.43152064669547,0.0
dueling_per,1,115,98.05556493177292,0.0
dueling_per,1,116,110.8987356906899,0.0
dueling_per,1,117,107.75799773161792,0.0
dueling_per,1,118,107.05840813177856,0.0
dueling_per,1,119,114.27610230407085,0.0
dueling_per,2,0,39.97101130039181,0.0
dueling_per,2,1,12.674663038499093,0.0
dueling_per,2,2,-5.471482486122998,0.0
dueling_per,2,3,-8.619898246245604,0.0
dueling_per,2,4,88.69906796122223,0.0
dueling_per,2,5,64.42279871893314,0.0
dueling_per,2,6,34.165858601275104,0.0
dueling_per,2,7,32.16822793886404,0.0
dueling_per,2,8,31.43987323895109,0.0
dueling_per,2,9,28.978113581623163,0.0
dueling_per,2,10,34.50808753564112,0.0
dueling_per,2,11,24.23215468109756,0.0
dueling_per,2,12,19.52944028415631,0.0
dueling_per,2,13,25.430150013990072,0.0
dueling_per,2,14,35.25244559876846,0.0
dueling_per,2,15,25.026109790766554,0.0
dueling_per,2,16,26.09415958344573,0.0
dueling_per,2,17,20.79760455784309,0.0
dueling_per,2,18,23.32243481004265,0.0
dueling_per,2,19,25.776571095983407,0.0
dueling_per,2,20,21.610931513553844,0.0
dueling_per,2,21,28.56814484361,0.0
dueling_per,2,22,31.28676727631658,0.0
dueling_per,2,23,20.98536435928734,0.0
dueling_per,2,24,20.79970231785991,0.0
dueling_per,2,25,23.89783031572136,0.0
dueling_per,2,26,22.97136204174091,0.0
dueling_per,2,27,20.9076771953336,0.0
dueling_per,2,28,22.9395824551022,0.0
dueling_per,2,29,22.36137005929632,0.0
dueling_per,2,30,17.952756679556146,0.0
dueling_per,2,31,18.332469467669487,0.0
dueling_per,2,32,24.14662939664492,0.0
dueling_per,2,33,18.17530193023063,0.0
dueling_per,2,34,19.915424085463016,0.0
dueling_per,2,35,25.03892901176738,0.0
dueling_per,2,36,22.75458941448757,0.0
dueling_per,2,37,19.601864979794065,0.0
dueling_per,2,38,19.68741600798484,0.0
dueling_per,2,39,17.796606117695134,0.0
dueling_per,2,40,22.32830266005747,0.0
dueling_per,2,41,18.865689424657603,0.0
dueling_per,2,42,20.179296184065173,0.0
dueling_per,2,43,17.19456396351606,0.0
dueling_per,2,44,18.174679791883463,0.0
dueling_per,2,45,18.036379791883697,0.0
dueling_per,2,46,19.44595074458285,0.0
dueling_per,2,47,17.76387160726358,0.0
dueling_per,2,48,23.689276654018077,0.0
dueling_per,2,49,21.761901435039302,0.0
dueling_per,2,50,20.755116462952763,0.0
dueling_per,2,51,25.91553757946301,0.0
dueling_per,2,52,32.01389411325743,0.0
dueling_per,2,53,26.293996773520437,0.0
dueling_per,2,54,31.819450235343005,0.0
dueling_per,2,55,28.186093942348503,0.0
dueling_per,2,56,34.848040972614235,0.0
dueling_per,2,57,35.30450454784891,0.0
dueling_per,2,58,30.90825381635519,0.0
dueling_per,2,59,37.76396982540917,0.0
dueling_per,2,60,31.068526374569352,0.0
dueling_per,2,61,36.39338086847435,0.0
dueling_per,2,62,27.504543612554265,0.0
dueling_per,2,63,30.06618874288137,0.0
dueling_per,2,64,32.286108046917015,0.0
dueling_per,2,65,28.110328776275608,0.0
dueling_per,2,66,27.969327485407906,0.0
dueling_per,2,67,23.957081794529223,0.0
dueling_per,2,68,31.592439622815174,0.0
dueling_per,2,69,30.12457923329479,0.0
dueling_per,2,70,28.87361081979429,0.0
dueling_per,2,71,31.00580095297886,0.0
dueling_per,2,72,31.48730643063371,0.0
dueling_per,2,73,33.16031406410867,0.0
dueling_per,2,74,28.00349081430141,0.0
dueling_per,2,75,29.121652799348126,0.0
dueling_per,2,76,30.343508276023755,0.0
dueling_per,2,77,29.329292836958256,0.0
dueling_per,2,78,68.77160038963855,0.0
dueling_per,2,79,31.14410655230435,0.0
dueling_per,2,80,32.68691172750172,0.0
dueling_per,2,81,186.4837069552255,1.0
dueling_per,2,82,235.42174378393267,1.0
dueling_per,2,83,37.279869949120766,0.0
dueling_per,2,84,245.1169498739056,1.0
dueling_per,2,85,35.574392218649564,0.0
dueling_per,2,86,462.7513235406984,2.0
dueling_per,2,87,28.96268864212113,0.0
dueling_per,2,88,25.340638939594346,0.0
dueling_per,2,89,29.63505395626627,0.0
dueling_per,2,90,56.89993433454046,0.0
dueling_per,2,91,32.33664533982584,0.0
dueling_per,2,92,32.59962546029651,0.0
dueling_per,2,93,25.551471426619397,0.0
dueling_per,2,94,25.78141834308932,0.0
dueling_per,2,95,30.253376883664856,0.0
dueling_per,2,96,33.774516852509144,0.0
dueling_per,2,97,33.15345582975904,0.0
dueling_per,2,98,35.300893543873435,0.0
dueling_per,2,99,31.9307697393318,0.0
dueling_per,2,100,489.8306781713599,2.0
dueling_per,2,101,519.424485044977,3.0
dueling_per,2,102,269.5290509081584,2.0
dueling_per,2,103,28.858784205053137,0.0
dueling_per,2,104,28.161267809500508,0.0
dueling_per,2,105,497.438122245343,3.0
dueling_per,2,106,563.0773544904225,4.0
dueling_per,2,107,600.6813070548793,5.0
dueling_per,2,108,635.714120422027,5.0
dueling_per,2,109,615.3107367277627,5.0
dueling_per,2,110,587.23039006291,5.0
dueling_per,2,111,628.5126117808693,5.0
dueling_per,2,112,624.3509282617043,5.0
dueling_per,2,113,659.3548551750124,5.0
dueling_per,2,114,651.8278046696678,5.0
dueling_per,2,115,619.8873012975571,5.0
dueling_per,2,116,659.153238969727,5.0
dueling_per,2,117,668.5427412213368,5.0
dueling_per,2,118,677.7470078913711,6.0
dueling_per,2,119,647.4169112589891,6.0
d3qn,0,0,40.25100547644029,0.0
d3qn,0,1,3.8560206593457895,0.0
d3qn,0,2,-6.392350807000227,0.0
d3qn,0,3,32.51377872785477,0.0
d3qn,0,4,107.94859147051832,0.0
d3qn,0,5,35.42364057412304,0.0
d3qn,0,6,39.292372223358846,0.0
d3qn,0,7,32.451342041673726,0.0
d3qn,0,8,30.44284551133942,0.0
d3qn,0,9,32.01485653602796,0.0
d3qn,0,10,24.12097466343426,0.0
d3qn,0,11,19.19593350269558,0.0
d3qn,0,12,21.69296910663513,0.0
d3qn,0,13,25.79160857714717,0.0
d3qn,0,14,32.8341437730383,0.0
d3qn,0,15,27.05592016747362,0.0
d3qn,0,16,16.67777979192931,0.0
d3qn,0,17,20.473330813540564,0.0
d3qn,0,18,26.3381495504104,0.0
d3qn,0,19,17.75020611776184,0.0
d3qn,0,20,20.183710290758405,0.0
d3qn,0,21,21.4954473455894,0.0
d3qn,0,22,22.80262159522151,0.0
d3qn,0,23,20.706123022215152,0.0
d3qn,0,24,22.47692441564245,0.0
d3qn,0,25,27.93577063945825,0.0
d3qn,0,26,19.50050826421269,0.0
d3qn,0,27,19.43183666158039,0.0
d3qn,0,28,20.874272594854983,0.0
d3qn,0,29,24.69148260187977,0.0
d3qn,0,30,18.17573186100817,0.0
d3qn,0,31,18.0914646102898,0.0
d3qn,0,32,29.284789504970405,0.0
d3qn,0,33,16.6962797918836,0.0
d3qn,0,34,20.95169080119552,0.0
d3qn,0,35,19.857978730014388,0.0
d3qn,0,36,25.01099589226743,0.0
d3qn,0,37,24.984870462249667,0.0
d3qn,0,38,22.7244852770492,0.0
d3qn,0,39,16.69717979188372,0.0
d3qn,0,40,17.988739791884058,0.0
d3qn,0,41,18.816099756623576,0.0
d3qn,0,42,25.853738578880865,0.0
d3qn,0,43,24.6736752477716,0.0
d3qn,0,44,19.159054726286065,0.0
d3qn,0,45,20.72610946193221,0.0
d3qn,0,46,17.436542836326126,0.0
d3qn,0,47,16.67917979188342,0.0
d3qn,0,48,18.07251979188343,0.0
d3qn,0,49,18.186779791894917,0.0
d3qn,0,50,16.697179791883485,0.0
d3qn,0,51,19.330220640213632,0.0
d3qn,0,52,17.73340817631219,0.0
d3qn,0,53,20.148131970589557,0.0
d3qn,0,54,16.67917979188342,0.0
d3qn,0,55,21.44189535170463,0.0
d3qn,0,56,18.174679791883463,0.0
d3qn,0,57,18.437132523380598,0.0
d3qn,0,58,18.613023963688413,0.0
d3qn,0,59,17.95101979188341,0.0
d3qn,0,60,23.940785720601298,0.0
d3qn,0,61,19.53836854287956,0.0
d3qn,0,62,16.697779791883512,0.0
d3qn,0,63,17.751187569092323,0.0
d3qn,0,64,17.212372135811293,0.0
d3qn,0,65,17.75750817631954,0.0
d3qn,0,66,20.540616305910987,0.0
d3qn,0,67,18.52948842534674,0.0
d3qn,0,68,17.53460817631192,0.0
d3qn,0,69,22.17233302569315,0.0
d3qn,0,70,17.988739791883976,0.0
d3qn,0,71,21.92342309641425,0.0
d3qn,0,72,17.967359791883382,0.0
d3qn,0,73,19.36528679966893,0.0
d3qn,0,74,19.159240640145143,0.0
d3qn,0,75,19.482277347638743,0.0
d3qn,0,76,24.593853837414255,0.0
d3qn,0,77,21.869017793326638,0.0
d3qn,0,78,21.753520946436232,0.0
d3qn,0,79,20.20311168994973,0.0
d3qn,0,80,19.99600830173052,0.0
d3qn,0,81,25.617402514276318,0.0
d3qn,0,82,26.873951691167605,0.0
d3qn,0,83,33.495612893382074,0.0
d3qn,0,84,28.760235919169155,0.0
d3qn,0,85,26.73967581644466,0.0
d3qn,0,86,30.779395720870085,0.0
d3qn,0,87,28.846639812097003,0.0
d3qn,0,88,35.02429553898427,0.0
d3qn,0,89,36.30655920684598,0.0
d3qn,0,90,35.109693628560656,0.0
d3qn,0,91,31.193275033907447,0.0
d3qn,0,92,25.252423825940006,0.0
d3qn,0,93,21.41567242697326,0.0
d3qn,0,94,27.432875372391425,0.0
d3qn,0,95,27.256535090966903,0.0
d3qn,0,96,32.17356070147796,0.0
d3qn,0,97,36.47799109847493,0.0
d3qn,0,98,35.950200607509046,0.0
d3qn,0,99,26.789704745593436,0.0
d3qn,0,100,31.46420744088038,0.0
d3qn,0,101,36.722907277240566,0.0
d3qn,0,102,33.93099379674608,0.0
d3qn,0,103,35.18358708354597,0.0
d3qn,0,104,32.14640493477816,0.0
d3qn,0,105,32.79313064936866,0.0
d3qn,0,106,32.20650369533931,0.0
d3qn,0,107,29.102009006735614,0.0
d3qn,0,108,30.405587888780865,0.0
d3qn,0,109,29.73077774258416,0.0
d3qn,0,110,30.64150702883407,0.0
d3qn,0,111,31.73600089208547,0.0
d3qn,0,112,31.424062252666992,0.0
d3qn,0,113,31.812426169788655,0.0
d3qn,0,114,35.5784545358168,0.0
d3qn,0,115,32.61650935756015,0.0
d3qn,0,116,31.603942051512533,0.0
d3qn,0,117,32.395244669699146,0.0
d3qn,0,118,32.362072899150576,0.0
d3qn,0,119,33.62137876649485,0.0
d3qn,1,0,22.967663482858036,0.0
d3qn,1,1,37.2494743384293,0.0
d3qn,1,2,82.96828597540988,0.0
d3qn,1,3,29.8896844211463,0.0
d3qn,1,4,36.20331523627767,0.0
d3qn,1,5,43.325254917118166,0.0
d3qn,1,6,21.88117238459232,0.0
d3qn,1,7,37.42613117009904,0.0
d3qn,1,8,22.79609522490116,0.0
d3qn,1,9,23.964295427324046,0.0
d3qn,1,10,27.21174030373043,0.0
d3qn,1,11,20.856420231981964,0.0
d3qn,1,12,32.5048708067157,0.0
d3qn,1,13,32.33875600175835,0.0
d3qn,1,14,31.864144139594828,0.0
d3qn,1,15,27.111454806991027,0.0
d3qn,1,16,26.928369615582987,0.0
d3qn,1,17,19.41192047114132,0.0
d3qn,1,18,27.73949600738635,0.0
d3qn,1,19,17.690546117696663,0.0
d3qn,1,20,23.614496341486905,0.0
d3qn,1,21,25.44121737935117,0.0
d3qn,1,22,20.28019488526907,0.0
d3qn,1,23,27.78272979920965,0.0
d3qn,1,24,23.988704865822832,0.0
d3qn,1,25,23.376725046045134,0.0
d3qn,1,26,25.11535160552519,0.0
d3qn,1,27,31.59156606410432,0.0
d3qn,1,28,23.343853554799782,0.0
d3qn,1,29,20.434169226640257,0.0
d3qn,1,30,24.77079097079516,0.0
d3qn,1,31,20.189387239644084,0.0
d3qn,1,32,21.694381871151517,0.0
d3qn,1,33,20.80034092219132,0.0
d3qn,1,34,22.733245827876047,0.0
d3qn,1,35,17.992700640145223,0.0
d3qn,1,36,34.47602250009613,0.0
d3qn,1,37,17.391069098471334,0.0
d3qn,1,38,23.470852813090808,0.0
d3qn,1,39,23.63647574822408,0.0
d3qn,1,40,21.91316731419901,0.0
d3qn,1,41,22.040489274750257,0.0
d3qn,1,42,18.041586799670934,0.0
d3qn,1,43,19.51783547256408,0.0
d3qn,1,44,20.690318199008388,0.0
d3qn,1,45,24.96863802604968,0.0
d3qn,1,46,17.597895641837304,0.0
d3qn,1,47,16.67917979188342,0.0
d3qn,1,48,18.146679791893256,0.0
d3qn,1,49,17.641785816519167,0.0
d3qn,1,50,21.45832448176949,0.0
d3qn,1,51,16.67917979188342,0.0
d3qn,1,52,22.923549791996564,0.0
d3qn,1,53,19.07109220611843,0.0
d3qn,1,54,20.616244645597263,0.0
d3qn,1,55,19.492700640145245,0.0
d3qn,1,56,17.85521979188961,0.0
d3qn,1,57,17.753497051586002,0.0
d3qn,1,58,18.196230015120747,0.0
d3qn,1,59,19.28704218165329,0.0
d3qn,1,60,17.061148446217402,0.0
d3qn,1,61,21.34742223550853,0.0
d3qn,1,62,20.01699192280845,0.0
d3qn,1,63,15.92005949122005,0.0
d3qn,1,64,22.526521156814688,0.0
d3qn,1,65,19.264991267258587,0.0
d3qn,1,66,21.626074176287094,0.0
d3qn,1,67,18.98702938718189,0.0
d3qn,1,68,18.03655395976145,0.0
d3qn,1,69,20.443525150343547,0.0
d3qn,1,70,20.53139451335284,0.0
d3qn,1,71,17.429367746139768,0.0
d3qn,1,72,15.492320444524395,0.0
d3qn,1,73,21.092276566447005,0.0
d3qn,1,74,24.37097536921562,0.0
d3qn,1,75,23.84494470531218,0.0
d3qn,1,76,26.700843115989656,0.0
d3qn,1,77,25.97301269880333,0.0
d3qn,1,78,26.04557176399232,0.0
d3qn,1,79,26.94722830853573,0.0
d3qn,1,80,24.586522376209807,0.0
d3qn,1,81,24.93696846502668,0.0
d3qn,1,82,25.991020750105136,0.0
d3qn,1,83,26.78301400781993,0.0
d3qn,1,84,26.502015325535865,0.0
d3qn,1,85,30.294206648128142,0.0
d3qn,1,86,31.06054698823899,0.0
d3qn,1,87,31.086179822389795,0.0
d3qn,1,88,28.606007909137865,0.0
d3qn,1,89,30.641243800001977,0.0
d3qn,1,90,32.16985187388682,0.0
d3qn,1,91,29.619005225554872,0.0
d3qn,1,92,30.47541217033945,0.0
d3qn,1,93,32.56700100299847,0.0
d3qn,1,94,31.12249102288393,0.0
d3qn,1,95,33.447192390492184,0.0
d3qn,1,96,29.60250704118431,0.0
d3qn,1,97,30.62488668088893,0.0
d3qn,1,98,33.65681433006678,0.0
d3qn,1,99,34.62924890803288,0.0
d3qn,1,100,36.13665151127794,0.0
d3qn,1,101,32.638053339419,0.0
d3qn,1,102,27.299394422353394,0.0
d3qn,1,103,24.922939950316504,0.0
d3qn,1,104,33.491186898800734,0.0
d3qn,1,105,32.328608435093265,0.0
d3qn,1,106,34.04121670518323,0.0
d3qn,1,107,34.098205808179934,0.0
d3qn,1,108,34.69986856468353,0.0
d3qn,1,109,34.63913651894372,0.0
d3qn,1,110,37.05034524985275,0.0
d3qn,1,111,35.29982293361037,0.0
d3qn,1,112,35.44200327371717,0.0
d3qn,1,113,33.84527369266342,0.0
d3qn,1,114,34.04094846346394,0.0
d3qn,1,115,38.23458121139646,0.0
d3qn,1,116,35.27494745209623,0.0
d3qn,1,117,33.992245159998106,0.0
d3qn,1,118,30.285456990387026,0.0
d3qn,1,119,30.98158183394959,0.0
d3qn,2,0,-1.8467434282309012,0.0
d3qn,2,1,1.913164606454876,0.0
d3qn,2,2,102.03979146710697,0.0
d3qn,2,3,33.556954415426645,0.0
d3qn,2,4,39.36801811011312,0.0
d3qn,2,5,27.429298942033945,0.0
d3qn,2,6,27.788980285360104,0.0
d3qn,2,7,35.46871202675733,0.0
d3qn,2,8,39.75748403646092,0.0
d3qn,2,9,26.463953438682104,0.0
d3qn,2,10,18.181148512389164,0.0
d3qn,2,11,24.8206355001536,0.0
d3qn,2,12,25.43304145319317,0.0
d3qn,2,13,23.765979121784724,0.0
d3qn,2,14,33.8278193061683,0.0
d3qn,2,15,21.16241756821256,0.0
d3qn,2,16,24.64530462084211,0.0
d3qn,2,17,22.45403879786905,0.0
d3qn,2,18,28.99075597399528,0.0
d3qn,2,19,31.85546053226668,0.0
d3qn,2,20,25.749048187867032,0.0
d3qn,2,21,19.94205980151203,0.0
d3qn,2,22,20.55496574253926,0.0
d3qn,2,23,18.947060634202792,0.0
d3qn,2,24,23.000313783361285,0.0
d3qn,2,25,21.95709552426572,0.0
d3qn,2,26,26.235993307681163,0.0
d3qn,2,27,20.45874266921004,0.0
d3qn,2,28,17.5518858165195,0.0
d3qn,2,29,22.00853820584144,0.0
d3qn,2,30,24.02669338012176,0.0
d3qn,2,31,25.979467028623844,0.0
d3qn,2,32,24.957427597551515,0.0
d3qn,2,33,18.249312135883088,0.0
d3qn,2,34,16.67917979188342,0.0
d3qn,2,35,18.07608679966904,0.0
d3qn,2,36,19.61362173494797,0.0
d3qn,2,37,20.22770968065836,0.0
d3qn,2,38,18.838804210848053,0.0
d3qn,2,39,30.219952091445847,0.0
d3qn,2,40,22.84565809253064,0.0
d3qn,2,41,23.66143541777759,0.0
d3qn,2,42,17.64007705158712,0.0
d3qn,2,43,26.11533230719289,0.0
d3qn,2,44,19.38915330228498,0.0
d3qn,2,45,17.55281237552427,0.0
d3qn,2,46,20.84488994338217,0.0
d3qn,2,47,17.816765935172306,0.0
d3qn,2,48,19.081939649530945,0.0
d3qn,2,49,17.31883213581134,0.0
d3qn,2,50,19.15166469741489,0.0
d3qn,2,51,17.616584459732387,0.0
d3qn,2,52,17.318832135811316,0.0
d3qn,2,53,18.349726350119496,0.0
d3qn,2,54,22.13697224420448,0.0
d3qn,2,55,22.22060219675984,0.0
d3qn,2,56,22.716995636714223,0.0
d3qn,2,57,24.8478842991226,0.0
d3qn,2,58,24.420924252907767,0.0
d3qn,2,59,21.163592817554303,0.0
d3qn,2,60,22.28056472742165,0.0
d3qn,2,61,23.55929510824925,0.0
d3qn,2,62,23.915183430989124,0.0
d3qn,2,63,24.805412701807064,0.0
d3qn,2,64,23.98094508093906,0.0
d3qn,2,65,27.5300133633828,0.0
d3qn,2,66,24.814469706144717,0.0
d3qn,2,67,23.6113874094061,0.0
d3qn,2,68,22.750567444255783,0.0
d3qn,2,69,23.445885882010536,0.0
d3qn,2,70,24.350927296944462,0.0
d3qn,2,71,24.99244046335562,0.0
d3qn,2,72,26.459909991628685,0.0
d3qn,2,73,25.27593594271876,0.0
d3qn,2,74,26.602022656141912,0.0
d3qn,2,75,27.329514175615287,0.0
d3qn,2,76,28.39200938889907,0.0
d3qn,2,77,28.23244244454173,0.0
d3qn,2,78,28.98884623219911,0.0
d3qn,2,79,28.43611160471772,0.0
d3qn,2,80,29.05492123239552,0.0
d3qn,2,81,29.393499400261945,0.0
d3qn,2,82,30.175595843194635,0.0
d3qn,2,83,30.06199509304345,0.0
d3qn,2,84,31.25139444843248,0.0
d3qn,2,85,164.43726575221416,1.0
d3qn,2,86,35.33805818866547,0.0
d3qn,2,87,30.89735350212858,0.0
d3qn,2,88,31.304434445864928,0.0
d3qn,2,89,50.91656198151925,0.0
d3qn,2,90,32.96732564009793,0.0
d3qn,2,91,34.38211869063579,0.0
d3qn,2,92,229.36516538961737,1.0
d3qn,2,93,30.11053166724418,0.0
d3qn,2,94,95.66074585942516,0.0
d3qn,2,95,125.94591108991196,1.0
d3qn,2,96,27.021794789334223,0.0
d3qn,2,97,90.8761486642544,0.0
d3qn,2,98,61.23885943578463,0.0
d3qn,2,99,53.69302739237403,0.0
d3qn,2,100,312.8009716344095,2.0
d3qn,2,101,71.71993392543253,0.0
d3qn,2,102,145.32897484742085,1.0
d3qn,2,103,127.58834660291228,1.0
d3qn,2,104,10.285300185629126,0.0
d3qn,2,105,8.04818521950233,0.0
d3qn,2,106,15.167891094176476,0.0
d3qn,2,107,13.023012324063282,0.0
d3qn,2,108,5.809453474652303,0.0
d3qn,2,109,129.51132487455595,1.0
d3qn,2,110,10.34270114538181,0.0
d3qn,2,111,12.79281064561272,0.0
d3qn,2,112,12.855096741668584,0.0
d3qn,2,113,32.09937278978518,0.0
d3qn,2,114,51.87984504726966,0.0
d3qn,2,115,2.323925120598787,0.0
d3qn,2,116,9.341565100019237,0.0
d3qn,2,117,16.168270467996315,0.0
d3qn,2,118,15.43656215425623,0.0
d3qn,2,119,2.1751096005971995,0.0
d3qn_per,0,0,-7.600812029920055,0.0
d3qn_per,0,1,-9.075311691356308,0.0
d3qn_per,0,2,61.666178516426086,0.0
d3qn_per,0,3,100.97263549558296,0.0
d3qn_per,0,4,27.33783638608847,0.0
d3qn_per,0,5,34.5416933602343,0.0
d3qn_per,0,6,27.778750526099465,0.0
d3qn_per,0,7,29.057208985387305,0.0
d3qn_per,0,8,36.7147249467604,0.0
d3qn_per,0,9,23.733960359365376,0.0
d3qn_per,0,10,19.371023339199155,0.0
d3qn_per,0,11,28.20725814372087,0.0
d3qn_per,0,12,33.15541781988075,0.0
d3qn_per,0,13,27.437652464422264,0.0
d3qn_per,0,14,32.85430585585963,0.0
d3qn_per,0,15,33.424992379541884,0.0
d3qn_per,0,16,28.19694843463457,0.0
d3qn_per,0,17,27.506550369583103,0.0
d3qn_per,0,18,24.535324756652585,0.0
d3qn_per,0,19,28.89888505533125,0.0
d3qn_per,0,20,26.03633722844969,0.0
d3qn_per,0,21,19.83136849652086,0.0
d3qn_per,0,22,17.892279791963162,0.0
d3qn_per,0,23,23.19608317016538,0.0
d3qn_per,0,24,32.13265773200892,0.0
d3qn_per,0,25,7.898380755649722,0.0
d3qn_per,0,26,32.075932497723585,0.0
d3qn_per,0,27,20.61861170755082,0.0
d3qn_per,0,28,25.732536822850463,0.0
d3qn_per,0,29,23.42157599630028,0.0
d3qn_per,0,30,25.650065721525596,0.0
d3qn_per,0,31,18.457379374064946,0.0
d3qn_per,0,32,19.16781705160732,0.0
d3qn_per,0,33,19.64353267457455,0.0
d3qn_per,0,34,19.03785434983007,0.0
d3qn_per,0,35,18.330051456056275,0.0
d3qn_per,0,36,22.764814754773937,0.0
d3qn_per,0,37,24.89579056656036,0.0
d3qn_per,0,38,18.03098679973587,0.0
d3qn_per,0,39,24.139411016419224,0.0
d3qn_per,0,40,20.93976395443073,0.0
d3qn_per,0,41,23.735792254416666,0.0
d3qn_per,0,42,18.05080448867697,0.0
d3qn_per,0,43,19.34804046824025,0.0
d3qn_per,0,44,17.563066523491628,0.0
d3qn_per,0,45,19.38848765237246,0.0
d3qn_per,0,46,17.771281607052174,0.0
d3qn_per,0,47,18.235829051634425,0.0
d3qn_per,0,48,16.67917979188342,0.0
d3qn_per,0,49,25.44859707330827,0.0
d3qn_per,0,50,18.901124381120184,0.0
d3qn_per,0,51,20.99947969125384,0.0
d3qn_per,0,52,19.071040098112483,0.0
d3qn_per,0,53,19.11981671097764,0.0
d3qn_per,0,54,17.756977051586006,0.0
d3qn_per,0,55,19.345491860998425,0.0
d3qn_per,0,56,43.10962869858179,0.0
d3qn_per,0,57,18.53198842536353,0.0
d3qn_per,0,58,17.588799792385892,0.0
d3qn_per,0,59,19.122844610283536,0.0
d3qn_per,0,60,19.254150015120224,0.0
d3qn_per,0,61,19.64869846175485,0.0
d3qn_per,0,62,18.48837213581124,0.0
d3qn_per,0,63,18.678956554257404,0.0
d3qn_per,0,64,26.62071979993141,0.0
d3qn_per,0,65,125.44664357696028,1.0
d3qn_per,0,66,29.183769963674614,0.0
d3qn_per,0,67,26.31862754153468,0.0
d3qn_per,0,68,142.2224842355255,1.0
d3qn_per,0,69,131.52168000326887,1.0
d3qn_per,0,70,140.64486809128633,1.0
d3qn_per,0,71,139.9564519128619,1.0
d3qn_per,0,72,212.90184591848504,1.0
d3qn_per,0,73,26.81243683143996,0.0
d3qn_per,0,74,33.00107582013868,0.0
d3qn_per,0,75,27.99909088934627,0.0
d3qn_per,0,76,29.4385590704,0.0
d3qn_per,0,77,179.94414881763367,1.0
d3qn_per,0,78,127.93670634512448,1.0
d3qn_per,0,79,30.182059580292822,0.0
d3qn_per,0,80,133.42686389341753,1.0
d3qn_per,0,81,29.43979560889767,0.0
d3qn_per,0,82,141.37489675969263,1.0
d3qn_per,0,83,138.67201202322076,1.0
d3qn_per,0,84,29.35141601776564,0.0
d3qn_per,0,85,146.32263192651084,1.0
d3qn_per,0,86,140.92685879280344,1.0
d3qn_per,0,87,35.24847288822039,0.0
d3qn_per,0,88,192.25898161763888,1.0
d3qn_per,0,89,179.77051410216313,1.0
d3qn_per,0,90,202.42672398848688,1.0
d3qn_per,0,91,197.21409822596223,1.0
d3qn_per,0,92,213.50863242685415,1.0
d3qn_per,0,93,225.98959587086688,1.0
d3qn_per,0,94,217.33097999450104,1.0
d3qn_per,0,95,213.364081294511,1.0
d3qn_per,0,96,222.37893066363827,1.0
d3qn_per,0,97,546.6167198103716,3.0
d3qn_per,0,98,531.8142755135951,3.0
d3qn_per,0,99,526.3277611253802,3.0
d3qn_per,0,100,475.8948160010791,3.0
d3qn_per,0,101,506.2079785226502,3.0
d3qn_per,0,102,484.7848178303152,3.0
d3qn_per,0,103,507.2312991714642,3.0
d3qn_per,0,104,534.6365379400709,3.0
d3qn_per,0,105,519.6155394377637,3.0
d3qn_per,0,106,558.4159382053379,3.0
d3qn_per,0,107,526.5886011801106,3.0
d3qn_per,0,108,538.253942132321,3.0
d3qn_per,0,109,562.5655400478315,3.0
d3qn_per,0,110,552.5301983563498,3.0
d3qn_per,0,111,551.5954585427999,3.0
d3qn_per,0,112,547.0089111874313,3.0
d3qn_per,0,113,540.0287926425133,3.0
d3qn_per,0,114,548.023951166263,3.0
d3qn_per,0,115,533.7348855183307,3.0
d3qn_per,0,116,533.71864259625,3.0
d3qn_per,0,117,551.7935814951232,3.0
d3qn_per,0,118,551.0371468908353,3.0
d3qn_per,0,119,558.2406161645163,3.0
d3qn_per,1,0,42.60266273940195,0.0
d3qn_per,1,1,2.8543773508346373,0.0
d3qn_per,1,2,39.37764869781708,0.0
d3qn_per,1,3,42.33443190540574,0.0
d3qn_per,1,4,29.44931808683616,0.0
d3qn_per,1,5,16.12092467928813,0.0
d3qn_per,1,6,30.629704790542636,0.0
d3qn_per,1,7,38.26477762625524,0.0
d3qn_per,1,8,54.86258049072187,0.0
d3qn_per,1,9,67.1875139738043,0.0
d3qn_per,1,10,28.23795033815866,0.0
d3qn_per,1,11,32.99620487220176,0.0
d3qn_per,1,12,81.57144548019384,0.0
d3qn_per,1,13,70.41624531523091,0.0
d3qn_per,1,14,93.32668433551076,0.0
d3qn_per,1,15,16.132637150438512,0.0
d3qn_per,1,16,421.4283077320685,2.0
d3qn_per,1,17,11.7264262160531,0.0
d3qn_per,1,18,6.228969701219297,0.0
d3qn_per,1,19,1.20267323062731,0.0
d3qn_per,1,20,-0.0235736080744874,0.0
d3qn_per,1,21,70.33873407108274,0.0
d3qn_per,1,22,61.92030300948774,0.0
d3qn_per,1,23,55.02261210494059,0.0
d3qn_per,1,24,83.07160037447252,0.0
d3qn_per,1,25,75.47373395288392,0.0
d3qn_per,1,26,70.44887189113089,0.0
d3qn_per,1,27,53.97013231864791,0.0
d3qn_per,1,28,99.07798828282178,0.0
d3qn_per,1,29,67.20737901858578,0.0
d3qn_per,1,30,422.3529815840744,2.0
d3qn_per,1,31,428.7821293091512,2.0
d3qn_per,1,32,433.2629518573452,2.0
d3qn_per,1,33,452.6129572955512,2.0
d3qn_per,1,34,436.4833182743141,2.0
d3qn_per,1,35,453.0168504445882,2.0
d3qn_per,1,36,435.0156154350904,2.0
d3qn_per,1,37,453.3081026622111,2.0
d3qn_per,1,38,456.55564100371225,2.0
d3qn_per,1,39,450.57713335605285,2.0
d3qn_per,1,40,471.3165985347141,2.0
d3qn_per,1,41,458.8465523004257,2.0
d3qn_per,1,42,473.2088846290988,2.0
d3qn_per,1,43,460.89739959993216,2.0
d3qn_per,1,44,471.48663293950426,2.0
d3qn_per,1,45,470.610511173945,2.0
d3qn_per,1,46,450.2116718113127,2.0
d3qn_per,1,47,465.2910500774022,2.0
d3qn_per,1,48,471.7841372020918,2.0
d3qn_per,1,49,460.04398917360646,2.0
d3qn_per,1,50,467.9015086796149,2.0
d3qn_per,1,51,472.9428799132622,2.0
d3qn_per,1,52,458.2874848809742,2.0
d3qn_per,1,53,462.31191966689534,2.0
d3qn_per,1,54,467.0197090412765,2.0
d3qn_per,1,55,457.0524667991991,2.0
d3qn_per,1,56,444.8929864053762,2.0
d3qn_per,1,57,476.9841277923933,2.0
d3qn_per,1,58,455.8383857371963,2.0
d3qn_per,1,59,464.68586318467385,2.0
d3qn_per,1,60,470.73030906742014,2.0
d3qn_per,1,61,459.08144050596655,2.0
d3qn_per,1,62,471.4379282801859,2.0
d3qn_per,1,63,475.1359463311727,2.0
d3qn_per,1,64,467.6578795303884,2.0
d3qn_per,1,65,455.54784861627707,2.0
d3qn_per,1,66,475.2587323019336,2.0
d3qn_per,1,67,475.5623937910474,2.0
d3qn_per,1,68,471.9125263664214,2.0
d3qn_per,1,69,472.3106436869189,2.0
d3qn_per,1,70,483.0359865503498,2.0
d3qn_per,1,71,474.6473442201898,2.0
d3qn_per,1,72,473.9689340489774,2.0
d3qn_per,1,73,472.4576583621687,2.0
d3qn_per,1,74,477.4671123903892,2.0
d3qn_per,1,75,471.3068376935146,2.0
d3qn_per,1,76,477.3561507739278,2.0
d3qn_per,1,77,478.5638512161464,2.0
d3qn_per,1,78,466.1089000773664,2.0
d3qn_per,1,79,480.1952498348353,2.0
d3qn_per,1,80,479.612220719126,2.0
d3qn_per,1,81,477.72272103076256,2.0
d3qn_per,1,82,476.855816206584,2.0
d3qn_per,1,83,477.7240916314259,2.0
d3qn_per,1,84,488.6048902708757,2.0
d3qn_per,1,85,481.6490730017223,2.0
d3qn_per,1,86,488.36582347064666,2.0
d3qn_per,1,87,480.9670519039491,2.0
d3qn_per,1,88,469.15449516905977,2.0
d3qn_per,1,89,477.6729959217962,2.0
d3qn_per,1,90,473.6373865437287,2.0
d3qn_per,1,91,350.5240404876413,2.0
d3qn_per,1,92,1.7426038783915825,0.0
d3qn_per,1,93,5.40570671054544,0.0
d3qn_per,1,94,5.410515494330532,0.0
d3qn_per,1,95,9.909531435741746,0.0
d3qn_per,1,96,0.7666866499469887,0.0
d3qn_per,1,97,12.397753340901565,0.0
d3qn_per,1,98,460.91609261523286,2.0
d3qn_per,1,99,455.7467381638415,2.0
d3qn_per,1,100,174.4740154559332,1.0
d3qn_per,1,101,475.6945105541352,2.0
d3qn_per,1,102,483.9131240156959,2.0
d3qn_per,1,103,434.4288739722653,2.0
d3qn_per,1,104,494.5127178970661,2.0
d3qn_per,1,105,545.5941849113447,3.0
d3qn_per,1,106,472.9379379875063,3.0
d3qn_per,1,107,490.8255191506519,3.0
d3qn_per,1,108,520.4137307577829,3.0
d3qn_per,1,109,498.5508129279543,2.0
d3qn_per,1,110,496.5316390526209,3.0
d3qn_per,1,111,502.4862584517736,2.0
d3qn_per,1,112,502.9063814240763,3.0
d3qn_per,1,113,516.7268183817934,3.0
d3qn_per,1,114,518.3314598821977,3.0
d3qn_per,1,115,542.8171584233729,3.0
d3qn_per,1,116,510.6569892730093,3.0
d3qn_per,1,117,505.7109805249492,3.0
d3qn_per,1,118,487.9145233389564,3.0
d3qn_per,1,119,514.9791823787527,3.0
d3qn_per,2,0,39.97101130039181,0.0
d3qn_per,2,1,19.4446146775583,0.0
d3qn_per,2,2,-5.903215430233142,0.0
d3qn_per,2,3,6.848681767291479,0.0
d3qn_per,2,4,24.57425631378564,0.0
d3qn_per,2,5,46.7890590857121,0.0
d3qn_per,2,6,17.688289295127575,0.0
d3qn_per,2,7,37.90541183680205,0.0
d3qn_per,2,8,35.29952225021412,0.0
d3qn_per,2,9,33.3182391503542,0.0
d3qn_per,2,10,-9.966994975807228,0.0
d3qn_per,2,11,24.032059119703483,0.0
d3qn_per,2,12,28.36733382285157,0.0
d3qn_per,2,13,27.75252628901937,0.0
d3qn_per,2,14,20.89508052998819,0.0
d3qn_per,2,15,35.64146053962646,0.0
d3qn_per,2,16,36.56221938312473,0.0
d3qn_per,2,17,-10.096453949261385,0.0
d3qn_per,2,18,27.091000788036524,0.0
d3qn_per,2,19,29.10466383909534,0.0
d3qn_per,2,20,33.37576176633827,0.0
d3qn_per,2,21,24.786014765677866,0.0
d3qn_per,2,22,29.406390728914527,0.0
d3qn_per,2,23,29.249178005919774,0.0
d3qn_per,2,24,24.32387767259141,0.0
d3qn_per,2,25,-8.562331782307782,0.0
d3qn_per,2,26,-6.522652053298492,0.0
d3qn_per,2,27,31.571369482355355,0.0
d3qn_per,2,28,25.94277084791422,0.0
d3qn_per,2,29,32.75524097243171,0.0
d3qn_per,2,30,33.22204469328494,0.0
d3qn_per,2,31,12.308321706900983,0.0
d3qn_per,2,32,29.90018210332057,0.0
d3qn_per,2,33,23.563767820030563,0.0
d3qn_per,2,34,22.678759884599504,0.0
d3qn_per,2,35,29.04291096440409,0.0
d3qn_per,2,36,28.892552602423397,0.0
d3qn_per,2,37,5.747463406684759,0.0
d3qn_per,2,38,24.00698747454321,0.0
d3qn_per,2,39,-7.803483694454382,0.0
d3qn_per,2,40,15.0281278162507,0.0
d3qn_per,2,41,9.862936021397546,0.0
d3qn_per,2,42,16.450766586128083,0.0
d3qn_per,2,43,4.548319109395663,0.0
d3qn_per,2,44,19.038526794347256,0.0
d3qn_per,2,45,18.799375681618724,0.0
d3qn_per,2,46,24.052893785406678,0.0
d3qn_per,2,47,24.775257546240372,0.0
d3qn_per,2,48,26.02740780782618,0.0
d3qn_per,2,49,22.357262515285115,0.0
d3qn_per,2,50,22.357262515285115,0.0
d3qn_per,2,51,23.143392145329305,0.0
d3qn_per,2,52,9.53467032976271,0.0
d3qn_per,2,53,12.58637662473547,0.0
d3qn_per,2,54,26.959106477435316,0.0
d3qn_per,2,55,107.90291489244848,1.0
d3qn_per,2,56,25.830085014922624,0.0
d3qn_per,2,57,177.3643362612098,2.0
d3qn_per,2,58,19.39177972737746,0.0
d3qn_per,2,59,15.471135783939287,0.0
d3qn_per,2,60,-0.1887905519736943,0.0
d3qn_per,2,61,30.702750252033283,0.0
d3qn_per,2,62,25.418557335680894,0.0
d3qn_per,2,63,24.337032584720323,0.0
d3qn_per,2,64,29.678114921238745,0.0
d3qn_per,2,65,7.757607393488477,0.0
d3qn_per,2,66,28.064584207007535,0.0
d3qn_per,2,67,25.68228469596486,0.0
d3qn_per,2,68,23.31699145485655,0.0
d3qn_per,2,69,-8.129720780234942,0.0
d3qn_per,2,70,285.64072800218304,2.0
d3qn_per,2,71,21.006909264598804,0.0
d3qn_per,2,72,15.562832774835591,0.0
d3qn_per,2,73,5.5587993826135165,0.0
d3qn_per,2,74,12.02558920249431,0.0
d3qn_per,2,75,12.770318934275558,0.0
d3qn_per,2,76,13.0145907584522,0.0
d3qn_per,2,77,17.46363031765567,0.0
d3qn_per,2,78,13.735696091248853,0.0
d3qn_per,2,79,42.142294458691765,0.0
d3qn_per,2,80,16.545387807088325,0.0
d3qn_per,2,81,21.745078503951696,0.0
d3qn_per,2,82,270.0130429764183,2.0
d3qn_per,2,83,21.414983264384816,0.0
d3qn_per,2,84,303.43189773515184,2.0
d3qn_per,2,85,27.120741947154908,0.0
d3qn_per,2,86,45.482918682143655,0.0
d3qn_per,2,87,30.01812134365492,0.0
d3qn_per,2,88,162.25833637850684,1.0
d3qn_per,2,89,19.227268346766387,0.0
d3qn_per,2,90,133.81304143088624,1.0
d3qn_per,2,91,165.19104006394656,1.0
d3qn_per,2,92,194.0903415084744,1.0
d3qn_per,2,93,191.00669520481676,1.0
d3qn_per,2,94,297.1859679243309,2.0
d3qn_per,2,95,39.273135597342176,0.0
d3qn_per,2,96,302.47061535985966,2.0
d3qn_per,2,97,578.4939517160894,6.0
d3qn_per,2,98,615.3650291337657,6.0
d3qn_per,2,99,195.7983116132473,1.0
d3qn_per,2,100,588.2047849437388,6.0
d3qn_per,2,101,633.7666524326195,6.0
d3qn_per,2,102,421.62786231547005,3.0
d3qn_per,2,103,628.6344973575881,6.0
d3qn_per,2,104,623.7655014558576,5.0
d3qn_per,2,105,609.971354348441,5.0
d3qn_per,2,106,614.1096529827483,5.0
d3qn_per,2,107,606.7959093763371,5.0
d3qn_per,2,108,656.9517865100127,6.0
d3qn_per,2,109,681.1053919766241,6.0
d3qn_per,2,110,446.5476263336825,3.0
d3qn_per,2,111,632.4963390674172,5.0
d3qn_per,2,112,651.8898543243168,5.0
d3qn_per,2,113,620.3930781021315,5.0
d3qn_per,2,114,675.895366416634,6.0
d3qn_per,2,115,704.0305007511678,6.0
d3qn_per,2,116,636.0385599422534,5.0
d3qn_per,2,117,636.3413650595518,6.0
d3qn_per,2,118,641.8261368000835,5.0
d3qn_per,2,119,667.4700358826024,6.0
